"","CountryName","CountryCode","Year","FP.CPI.TOTL.ZG","IC.LGL.CRED.XQ"
"1","Afghanistan","AFG",2010,0.8925369,NA
"2","Afghanistan","AFG",2011,10.20166,NA
"3","Afghanistan","AFG",2012,7.218258,NA
"4","Afghanistan","AFG",2013,7.654317,9
"5","Afghanistan","AFG",2014,4.604334,9
"6","Afghanistan","AFG",2015,NA,9
"7","Albania","ALB",2010,3.552267,NA
"8","Albania","ALB",2011,3.450347,NA
"9","Albania","ALB",2012,2.031596,NA
"10","Albania","ALB",2013,1.937618,8
"11","Albania","ALB",2014,1.634033,7
"12","Albania","ALB",2015,NA,7
"13","Algeria","DZA",2010,3.913043,NA
"14","Algeria","DZA",2011,4.521765,NA
"15","Algeria","DZA",2012,8.894585,NA
"16","Algeria","DZA",2013,3.253684,2
"17","Algeria","DZA",2014,2.916406,2
"18","Algeria","DZA",2015,NA,2
"19","Angola","AGO",2010,14.47054,NA
"20","Angola","AGO",2011,13.46702,NA
"21","Angola","AGO",2012,10.29349,NA
"22","Angola","AGO",2013,8.776091,1
"23","Angola","AGO",2014,7.279562,1
"24","Angola","AGO",2015,NA,1
"25","Antigua and Barbuda","ATG",2010,3.370025,NA
"26","Antigua and Barbuda","ATG",2011,3.45675,NA
"27","Antigua and Barbuda","ATG",2012,3.37688,NA
"28","Antigua and Barbuda","ATG",2013,1.059498,5
"29","Antigua and Barbuda","ATG",2014,1.089442,5
"30","Antigua and Barbuda","ATG",2015,NA,5
"31","Argentina","ARG",2013,NA,2
"32","Argentina","ARG",2014,NA,2
"33","Argentina","ARG",2015,NA,2
"34","Armenia","ARM",2010,8.181576,NA
"35","Armenia","ARM",2011,7.651234,NA
"36","Armenia","ARM",2012,2.555471,NA
"37","Armenia","ARM",2013,5.793788,5
"38","Armenia","ARM",2014,2.980988,5
"39","Armenia","ARM",2015,NA,5
"40","Aruba","ABW",2010,2.077739,NA
"41","Aruba","ABW",2011,4.374596,NA
"42","Aruba","ABW",2012,0.5717555,NA
"43","Aruba","ABW",2013,-2.372263,NA
"44","Aruba","ABW",2014,0.4209982,NA
"45","Australia","AUS",2010,2.845226,NA
"46","Australia","AUS",2011,3.30385,NA
"47","Australia","AUS",2012,1.76278,NA
"48","Australia","AUS",2013,2.449889,11
"49","Australia","AUS",2014,2.487923,11
"50","Australia","AUS",2015,NA,11
"51","Austria","AUT",2010,1.813535,NA
"52","Austria","AUT",2011,3.266939,NA
"53","Austria","AUT",2012,2.485675,NA
"54","Austria","AUT",2013,2.000157,5
"55","Austria","AUT",2014,1.605806,5
"56","Austria","AUT",2015,NA,5
"57","Azerbaijan","AZE",2013,NA,2
"58","Azerbaijan","AZE",2014,NA,2
"59","Azerbaijan","AZE",2015,NA,2
"60","Bahamas, The","BHS",2010,1.344027,NA
"61","Bahamas, The","BHS",2011,3.198781,NA
"62","Bahamas, The","BHS",2012,1.984598,NA
"63","Bahamas, The","BHS",2013,0.3468781,6
"64","Bahamas, The","BHS",2014,1.504464,6
"65","Bahamas, The","BHS",2015,NA,6
"66","Bahrain","BHR",2010,1.961885,NA
"67","Bahrain","BHR",2011,-0.3644478,NA
"68","Bahrain","BHR",2012,2.754554,NA
"69","Bahrain","BHR",2013,3.189248,1
"70","Bahrain","BHR",2014,2.766826,1
"71","Bahrain","BHR",2015,NA,1
"72","Bangladesh","BGD",2010,8.126676,NA
"73","Bangladesh","BGD",2011,10.7048,NA
"74","Bangladesh","BGD",2012,6.218182,NA
"75","Bangladesh","BGD",2013,7.529973,6
"76","Bangladesh","BGD",2014,6.991165,6
"77","Bangladesh","BGD",2015,NA,6
"78","Barbados","BRB",2010,5.824219,NA
"79","Barbados","BRB",2011,9.432202,NA
"80","Barbados","BRB",2012,4.533348,NA
"81","Barbados","BRB",2013,1.804006,7
"82","Barbados","BRB",2014,1.88717,7
"83","Barbados","BRB",2015,NA,7
"84","Belarus","BLR",2013,NA,2
"85","Belarus","BLR",2014,NA,2
"86","Belarus","BLR",2015,NA,2
"87","Belgium","BEL",2010,2.189299,NA
"88","Belgium","BEL",2011,3.532082,NA
"89","Belgium","BEL",2012,2.839663,NA
"90","Belgium","BEL",2013,1.113939,4
"91","Belgium","BEL",2014,0.34,4
"92","Belgium","BEL",2015,NA,4
"93","Belize","BLZ",2010,5.579629,NA
"94","Belize","BLZ",2011,-3.653483,NA
"95","Belize","BLZ",2012,1.30645,NA
"96","Belize","BLZ",2013,0.6525521,4
"97","Belize","BLZ",2014,0.9106647,4
"98","Belize","BLZ",2015,NA,4
"99","Benin","BEN",2010,2.307357,NA
"100","Benin","BEN",2011,2.712801,NA
"101","Benin","BEN",2012,6.753124,NA
"102","Benin","BEN",2013,0.9718519,6
"103","Benin","BEN",2014,-1.087212,6
"104","Benin","BEN",2015,NA,6
"105","Bhutan","BTN",2010,7.036383,NA
"106","Bhutan","BTN",2011,8.848986,NA
"107","Bhutan","BTN",2012,10.91966,NA
"108","Bhutan","BTN",2013,7.006667,4
"109","Bhutan","BTN",2014,8.206545,4
"110","Bhutan","BTN",2015,NA,4
"111","Bolivia","BOL",2010,2.501767,NA
"112","Bolivia","BOL",2011,9.81269,NA
"113","Bolivia","BOL",2012,4.586375,NA
"114","Bolivia","BOL",2013,5.71558,0
"115","Bolivia","BOL",2014,5.783564,0
"116","Bolivia","BOL",2015,NA,0
"117","Bosnia and Herzegovina","BIH",2010,2.188538,NA
"118","Bosnia and Herzegovina","BIH",2011,3.675,NA
"119","Bosnia and Herzegovina","BIH",2012,2.049674,NA
"120","Bosnia and Herzegovina","BIH",2013,-0.08664146,7
"121","Bosnia and Herzegovina","BIH",2014,-0.9302326,7
"122","Bosnia and Herzegovina","BIH",2015,NA,7
"123","Botswana","BWA",2010,6.948877,NA
"124","Botswana","BWA",2011,8.458166,NA
"125","Botswana","BWA",2012,7.540284,NA
"126","Botswana","BWA",2013,5.883888,5
"127","Botswana","BWA",2014,4.403136,5
"128","Botswana","BWA",2015,NA,5
"129","Brazil","BRA",2010,5.038317,NA
"130","Brazil","BRA",2011,6.636199,NA
"131","Brazil","BRA",2012,5.401965,NA
"132","Brazil","BRA",2013,6.2019,2
"133","Brazil","BRA",2014,6.332092,2
"134","Brazil","BRA",2015,NA,2
"135","Brunei Darussalam","BRN",2010,0.3568691,NA
"136","Brunei Darussalam","BRN",2011,2.015934,NA
"137","Brunei Darussalam","BRN",2012,0.4641029,NA
"138","Brunei Darussalam","BRN",2013,0.3832631,4
"139","Brunei Darussalam","BRN",2014,-0.1944263,4
"140","Brunei Darussalam","BRN",2015,NA,4
"141","Bulgaria","BGR",2010,2.438991,NA
"142","Bulgaria","BGR",2011,4.219903,NA
"143","Bulgaria","BGR",2012,2.954568,NA
"144","Bulgaria","BGR",2013,0.8900935,9
"145","Bulgaria","BGR",2014,-1.418123,9
"146","Bulgaria","BGR",2015,NA,9
"147","Burkina Faso","BFA",2010,-0.7642307,NA
"148","Burkina Faso","BFA",2011,2.759767,NA
"149","Burkina Faso","BFA",2012,3.818152,NA
"150","Burkina Faso","BFA",2013,0.5337385,6
"151","Burkina Faso","BFA",2014,-0.2441387,6
"152","Burkina Faso","BFA",2015,NA,6
"153","Burundi","BDI",2010,6.401249,NA
"154","Burundi","BDI",2011,9.735019,NA
"155","Burundi","BDI",2012,18.01282,NA
"156","Burundi","BDI",2013,7.950674,2
"157","Burundi","BDI",2014,4.37984,2
"158","Burundi","BDI",2015,NA,2
"159","Cabo Verde","CPV",2010,2.078665,NA
"160","Cabo Verde","CPV",2011,4.473883,NA
"161","Cabo Verde","CPV",2012,2.543294,NA
"162","Cabo Verde","CPV",2013,1.512154,2
"163","Cabo Verde","CPV",2014,-0.2436308,2
"164","Cabo Verde","CPV",2015,NA,2
"165","Cambodia","KHM",2010,3.99623,NA
"166","Cambodia","KHM",2011,5.478587,NA
"167","Cambodia","KHM",2012,2.932725,NA
"168","Cambodia","KHM",2013,2.9426,11
"169","Cambodia","KHM",2014,3.855239,11
"170","Cambodia","KHM",2015,NA,11
"171","Cameroon","CMR",2010,1.27538,NA
"172","Cameroon","CMR",2011,2.939699,NA
"173","Cameroon","CMR",2012,2.94251,NA
"174","Cameroon","CMR",2013,1.945145,6
"175","Cameroon","CMR",2014,1.947948,6
"176","Cameroon","CMR",2015,NA,6
"177","Canada","CAN",2010,1.776872,NA
"178","Canada","CAN",2011,2.912135,NA
"179","Canada","CAN",2012,1.515678,NA
"180","Canada","CAN",2013,0.9382919,9
"181","Canada","CAN",2014,1.906636,9
"182","Canada","CAN",2015,NA,9
"183","Caribbean small states","CSS",2010,3.370025,NA
"184","Caribbean small states","CSS",2011,3.45675,NA
"185","Caribbean small states","CSS",2012,2.598444,NA
"186","Caribbean small states","CSS",2013,1.059498,5.076923
"187","Caribbean small states","CSS",2014,1.296953,5.461538
"188","Caribbean small states","CSS",2015,NA,5.461538
"189","Central African Republic","CAF",2010,1.493234,NA
"190","Central African Republic","CAF",2011,1.30057,NA
"191","Central African Republic","CAF",2012,5.772251,NA
"192","Central African Republic","CAF",2013,1.501845,6
"193","Central African Republic","CAF",2014,NA,6
"194","Central African Republic","CAF",2015,NA,6
"195","Chad","TCD",2010,-2.077866,NA
"196","Chad","TCD",2011,-3.704296,NA
"197","Chad","TCD",2012,14.01821,NA
"198","Chad","TCD",2013,0.145451,6
"199","Chad","TCD",2014,1.680836,6
"200","Chad","TCD",2015,NA,6
"201","Chile","CHL",2010,1.409965,NA
"202","Chile","CHL",2011,3.340318,NA
"203","Chile","CHL",2012,3.00652,NA
"204","Chile","CHL",2013,1.791711,4
"205","Chile","CHL",2014,4.395,4
"206","Chile","CHL",2015,NA,4
"207","China","CHN",2011,5.4,NA
"208","China","CHN",2012,2.624921,NA
"209","China","CHN",2013,2.627119,4
"210","China","CHN",2014,1.996847,4
"211","China","CHN",2015,NA,4
"212","Colombia","COL",2010,2.27822,NA
"213","Colombia","COL",2011,3.411616,NA
"214","Colombia","COL",2012,3.176934,NA
"215","Colombia","COL",2013,2.022775,4
"216","Colombia","COL",2014,2.87781,12
"217","Colombia","COL",2015,NA,12
"218","Comoros","COM",2013,NA,6
"219","Comoros","COM",2014,NA,6
"220","Comoros","COM",2015,NA,6
"221","Congo, Dem. Rep.","ZAR",2010,7.1,NA
"222","Congo, Dem. Rep.","ZAR",2011,15.31652,NA
"223","Congo, Dem. Rep.","ZAR",2012,9.721828,NA
"224","Congo, Dem. Rep.","ZAR",2013,1.632925,6
"225","Congo, Dem. Rep.","ZAR",2014,NA,6
"226","Congo, Dem. Rep.","ZAR",2015,NA,6
"227","Congo, Rep.","COG",2010,4.998505,NA
"228","Congo, Rep.","COG",2011,1.325758,NA
"229","Congo, Rep.","COG",2012,3.890147,NA
"230","Congo, Rep.","COG",2013,5.968929,6
"231","Congo, Rep.","COG",2014,0.07716049,6
"232","Congo, Rep.","COG",2015,NA,6
"233","Costa Rica","CRI",2010,5.660231,NA
"234","Costa Rica","CRI",2011,4.883012,NA
"235","Costa Rica","CRI",2012,4.504068,NA
"236","Costa Rica","CRI",2013,5.224286,2
"237","Costa Rica","CRI",2014,4.515313,2
"238","Costa Rica","CRI",2015,NA,10
"239","Cote d'Ivoire","CIV",2010,1.675665,NA
"240","Cote d'Ivoire","CIV",2011,4.905476,NA
"241","Cote d'Ivoire","CIV",2012,1.312723,NA
"242","Cote d'Ivoire","CIV",2013,2.569961,6
"243","Cote d'Ivoire","CIV",2014,0.4619456,6
"244","Cote d'Ivoire","CIV",2015,NA,6
"245","Croatia","HRV",2010,1.035615,NA
"246","Croatia","HRV",2011,2.25,NA
"247","Croatia","HRV",2012,3.422983,NA
"248","Croatia","HRV",2013,2.206462,5
"249","Croatia","HRV",2014,-0.2081727,5
"250","Croatia","HRV",2015,NA,5
"251","Cyprus","CYP",2010,2.381258,NA
"252","Cyprus","CYP",2011,3.289449,NA
"253","Cyprus","CYP",2012,2.389769,NA
"254","Cyprus","CYP",2013,-0.4000531,7
"255","Cyprus","CYP",2014,-1.354989,7
"256","Cyprus","CYP",2015,NA,7
"257","Czech Republic","CZE",2010,1.408718,NA
"258","Czech Republic","CZE",2011,1.936389,NA
"259","Czech Republic","CZE",2012,3.299073,NA
"260","Czech Republic","CZE",2013,1.434727,5
"261","Czech Republic","CZE",2014,0.3371869,7
"262","Czech Republic","CZE",2015,NA,7
"263","Denmark","DNK",2010,2.29773,NA
"264","Denmark","DNK",2011,2.756602,NA
"265","Denmark","DNK",2012,2.411075,NA
"266","Denmark","DNK",2013,0.7826143,8
"267","Denmark","DNK",2014,0.5647542,8
"268","Denmark","DNK",2015,NA,8
"269","Djibouti","DJI",2010,3.950079,NA
"270","Djibouti","DJI",2011,5.068714,NA
"271","Djibouti","DJI",2012,3.73121,NA
"272","Djibouti","DJI",2013,2.420593,1
"273","Djibouti","DJI",2014,2.887276,1
"274","Djibouti","DJI",2015,NA,1
"275","Dominica","DMA",2010,3.207443,NA
"276","Dominica","DMA",2011,2.387631,NA
"277","Dominica","DMA",2012,1.356771,NA
"278","Dominica","DMA",2013,-0.04641165,6
"279","Dominica","DMA",2014,0.7991398,6
"280","Dominica","DMA",2015,NA,6
"281","Dominican Republic","DOM",2010,6.329932,NA
"282","Dominican Republic","DOM",2011,8.460169,NA
"283","Dominican Republic","DOM",2012,3.694525,NA
"284","Dominican Republic","DOM",2013,4.830951,1
"285","Dominican Republic","DOM",2014,2.998642,1
"286","Dominican Republic","DOM",2015,NA,1
"287","Ecuador","ECU",2010,3.556124,NA
"288","Ecuador","ECU",2011,4.474554,NA
"289","Ecuador","ECU",2012,5.100653,NA
"290","Ecuador","ECU",2013,2.738632,1
"291","Ecuador","ECU",2014,3.573128,1
"292","Ecuador","ECU",2015,NA,1
"293","Egypt, Arab Rep.","EGY",2010,11.26519,NA
"294","Egypt, Arab Rep.","EGY",2011,10.05392,NA
"295","Egypt, Arab Rep.","EGY",2012,7.118156,NA
"296","Egypt, Arab Rep.","EGY",2013,9.421577,2
"297","Egypt, Arab Rep.","EGY",2014,10.1458,2
"298","Egypt, Arab Rep.","EGY",2015,NA,2
"299","El Salvador","SLV",2010,0.9078069,NA
"300","El Salvador","SLV",2011,5.128924,NA
"301","El Salvador","SLV",2012,1.729578,NA
"302","El Salvador","SLV",2013,0.7578245,3
"303","El Salvador","SLV",2014,1.14058,3
"304","El Salvador","SLV",2015,NA,9
"305","Equatorial Guinea","GNQ",2010,7.789165,NA
"306","Equatorial Guinea","GNQ",2011,6.946532,NA
"307","Equatorial Guinea","GNQ",2012,6.146775,NA
"308","Equatorial Guinea","GNQ",2013,6.35324,6
"309","Equatorial Guinea","GNQ",2014,NA,6
"310","Equatorial Guinea","GNQ",2015,NA,6
"311","Eritrea","ERI",2013,NA,0
"312","Eritrea","ERI",2014,NA,0
"313","Eritrea","ERI",2015,NA,0
"314","Estonia","EST",2010,2.97558,NA
"315","Estonia","EST",2011,4.977615,NA
"316","Estonia","EST",2012,3.934922,NA
"317","Estonia","EST",2013,2.788497,7
"318","Estonia","EST",2014,-0.1448155,7
"319","Estonia","EST",2015,NA,7
"320","Ethiopia","ETH",2010,8.136941,NA
"321","Ethiopia","ETH",2011,33.22422,NA
"322","Ethiopia","ETH",2012,22.77046,NA
"323","Ethiopia","ETH",2013,8.078472,3
"324","Ethiopia","ETH",2014,7.391814,3
"325","Ethiopia","ETH",2015,NA,3
"326","Fiji","FJI",2010,3.680015,NA
"327","Fiji","FJI",2011,7.286544,NA
"328","Fiji","FJI",2012,3.408333,NA
"329","Fiji","FJI",2013,2.909179,5
"330","Fiji","FJI",2014,0.5403289,5
"331","Fiji","FJI",2015,NA,5
"332","Finland","FIN",2010,1.21098,NA
"333","Finland","FIN",2011,3.416809,NA
"334","Finland","FIN",2012,2.808332,NA
"335","Finland","FIN",2013,1.475937,7
"336","Finland","FIN",2014,1.043541,7
"337","Finland","FIN",2015,NA,7
"338","France","FRA",2010,1.529639,NA
"339","France","FRA",2011,2.117487,NA
"340","France","FRA",2012,1.955686,NA
"341","France","FRA",2013,0.8636069,4
"342","France","FRA",2014,0.5077007,4
"343","France","FRA",2015,NA,4
"344","Gabon","GAB",2010,1.461544,NA
"345","Gabon","GAB",2011,1.269343,NA
"346","Gabon","GAB",2012,2.661784,NA
"347","Gabon","GAB",2013,0.4801427,6
"348","Gabon","GAB",2014,4.655608,6
"349","Gabon","GAB",2015,NA,6
"350","Gambia, The","GMB",2010,5.048937,NA
"351","Gambia, The","GMB",2011,4.796485,NA
"352","Gambia, The","GMB",2012,4.254535,NA
"353","Gambia, The","GMB",2013,5.69973,4
"354","Gambia, The","GMB",2014,5.947375,4
"355","Gambia, The","GMB",2015,NA,4
"356","Georgia","GEO",2010,7.111018,NA
"357","Georgia","GEO",2011,8.543256,NA
"358","Georgia","GEO",2012,-0.943705,NA
"359","Georgia","GEO",2013,-0.5120521,9
"360","Georgia","GEO",2014,3.068871,9
"361","Georgia","GEO",2015,NA,9
"362","Germany","DEU",2010,1.103809,NA
"363","Germany","DEU",2011,2.075173,NA
"364","Germany","DEU",2012,2.008491,NA
"365","Germany","DEU",2013,1.504722,6
"366","Germany","DEU",2014,0.906797,6
"367","Germany","DEU",2015,NA,6
"368","Ghana","GHA",2010,10.70757,NA
"369","Ghana","GHA",2011,8.726837,NA
"370","Ghana","GHA",2012,9.160778,NA
"371","Ghana","GHA",2013,11.60833,7
"372","Ghana","GHA",2014,15.49317,7
"373","Ghana","GHA",2015,NA,7
"374","Greece","GRC",2010,4.712982,NA
"375","Greece","GRC",2011,3.32987,NA
"376","Greece","GRC",2012,1.50152,NA
"377","Greece","GRC",2013,-0.9212719,3
"378","Greece","GRC",2014,-1.312242,3
"379","Greece","GRC",2015,NA,3
"380","Grenada","GRD",2010,3.436509,NA
"381","Grenada","GRD",2011,3.033473,NA
"382","Grenada","GRD",2012,2.410777,NA
"383","Grenada","GRD",2013,-0.04422855,6
"384","Grenada","GRD",2014,-0.9467573,6
"385","Grenada","GRD",2015,NA,6
"386","Guatemala","GTM",2010,3.859509,NA
"387","Guatemala","GTM",2011,6.215342,NA
"388","Guatemala","GTM",2012,3.7825,NA
"389","Guatemala","GTM",2013,4.343371,9
"390","Guatemala","GTM",2014,3.418362,9
"391","Guatemala","GTM",2015,NA,9
"392","Guinea","GIN",2010,15.46198,NA
"393","Guinea","GIN",2011,21.35047,NA
"394","Guinea","GIN",2012,15.22456,NA
"395","Guinea","GIN",2013,11.88842,6
"396","Guinea","GIN",2014,9.713977,6
"397","Guinea","GIN",2015,NA,6
"398","Guinea-Bissau","GNB",2010,2.517851,NA
"399","Guinea-Bissau","GNB",2011,5.046102,NA
"400","Guinea-Bissau","GNB",2012,2.130546,NA
"401","Guinea-Bissau","GNB",2013,1.207126,6
"402","Guinea-Bissau","GNB",2014,-1.509245,6
"403","Guinea-Bissau","GNB",2015,NA,6
"404","Guyana","GUY",2010,2.086667,NA
"405","Guyana","GUY",2011,4.977736,NA
"406","Guyana","GUY",2012,2.391935,NA
"407","Guyana","GUY",2013,1.832451,3
"408","Guyana","GUY",2014,NA,3
"409","Guyana","GUY",2015,NA,3
"410","Haiti","HTI",2010,5.696511,NA
"411","Haiti","HTI",2011,8.411071,NA
"412","Haiti","HTI",2012,6.279665,NA
"413","Haiti","HTI",2013,5.853473,2
"414","Haiti","HTI",2014,4.566174,2
"415","Haiti","HTI",2015,NA,2
"416","Honduras","HND",2010,4.70055,NA
"417","Honduras","HND",2011,6.76228,NA
"418","Honduras","HND",2012,5.196186,NA
"419","Honduras","HND",2013,5.161899,9
"420","Honduras","HND",2014,6.129249,9
"421","Honduras","HND",2015,NA,9
"422","Hong Kong SAR, China","HKG",2010,2.337398,NA
"423","Hong Kong SAR, China","HKG",2011,5.263158,NA
"424","Hong Kong SAR, China","HKG",2012,4.056604,NA
"425","Hong Kong SAR, China","HKG",2013,4.351768,7
"426","Hong Kong SAR, China","HKG",2014,4.43093,7
"427","Hong Kong SAR, China","HKG",2015,NA,8
"428","Hungary","HUN",2010,4.881345,NA
"429","Hungary","HUN",2011,3.957267,NA
"430","Hungary","HUN",2012,5.705829,NA
"431","Hungary","HUN",2013,1.725839,6
"432","Hungary","HUN",2014,-0.2380186,10
"433","Hungary","HUN",2015,NA,10
"434","Iceland","ISL",2010,5.393596,NA
"435","Iceland","ISL",2011,3.990413,NA
"436","Iceland","ISL",2012,5.195291,NA
"437","Iceland","ISL",2013,3.884645,5
"438","Iceland","ISL",2014,2.035,5
"439","Iceland","ISL",2015,NA,5
"440","India","IND",2010,11.9923,NA
"441","India","IND",2011,8.857845,NA
"442","India","IND",2012,9.312446,NA
"443","India","IND",2013,10.90764,6
"444","India","IND",2014,6.353195,6
"445","India","IND",2015,NA,6
"446","Indonesia","IDN",2010,5.132755,NA
"447","Indonesia","IDN",2011,5.3575,NA
"448","Indonesia","IDN",2012,4.279512,NA
"449","Indonesia","IDN",2013,6.413387,4
"450","Indonesia","IDN",2014,6.394925,4
"451","Indonesia","IDN",2015,NA,5
"452","Iran, Islamic Rep.","IRN",2010,10.13715,NA
"453","Iran, Islamic Rep.","IRN",2011,20.62833,NA
"454","Iran, Islamic Rep.","IRN",2012,27.35739,NA
"455","Iran, Islamic Rep.","IRN",2013,39.26636,2
"456","Iran, Islamic Rep.","IRN",2014,17.23536,2
"457","Iran, Islamic Rep.","IRN",2015,NA,2
"458","Iraq","IRQ",2010,2.877747,NA
"459","Iraq","IRQ",2011,5.801455,NA
"460","Iraq","IRQ",2012,6.089096,NA
"461","Iraq","IRQ",2013,1.879498,1
"462","Iraq","IRQ",2014,2.235974,1
"463","Iraq","IRQ",2015,NA,1
"464","Ireland","IRL",2010,-0.9461664,NA
"465","Ireland","IRL",2011,2.57887,NA
"466","Ireland","IRL",2012,1.692785,NA
"467","Ireland","IRL",2013,0.5026782,7
"468","Ireland","IRL",2014,0.1967858,7
"469","Ireland","IRL",2015,NA,7
"470","Israel","ISR",2010,2.692959,NA
"471","Israel","ISR",2011,3.459195,NA
"472","Israel","ISR",2012,1.707612,NA
"473","Israel","ISR",2013,1.525873,6
"474","Israel","ISR",2014,0.475956,6
"475","Israel","ISR",2015,NA,6
"476","Italy","ITA",2010,1.539893,NA
"477","Italy","ITA",2011,2.741438,NA
"478","Italy","ITA",2012,3.041363,NA
"479","Italy","ITA",2013,1.219992,2
"480","Italy","ITA",2014,0.2410575,2
"481","Italy","ITA",2015,NA,2
"482","Jamaica","JAM",2010,12.60951,NA
"483","Jamaica","JAM",2011,7.529692,NA
"484","Jamaica","JAM",2012,6.898248,NA
"485","Jamaica","JAM",2013,9.344403,6
"486","Jamaica","JAM",2014,8.290006,10
"487","Jamaica","JAM",2015,NA,10
"488","Japan","JPN",2010,-0.7197816,NA
"489","Japan","JPN",2011,-0.2833333,NA
"490","Japan","JPN",2012,-0.03342805,NA
"491","Japan","JPN",2013,0.3594717,4
"492","Japan","JPN",2014,2.748855,4
"493","Japan","JPN",2015,NA,4
"494","Jordan","JOR",2010,5.013942,NA
"495","Jordan","JOR",2011,4.409979,NA
"496","Jordan","JOR",2012,4.76795,NA
"497","Jordan","JOR",2013,5.468989,0
"498","Jordan","JOR",2014,2.808565,0
"499","Jordan","JOR",2015,NA,0
"500","Kazakhstan","KAZ",2010,7.115814,NA
"501","Kazakhstan","KAZ",2011,8.348569,NA
"502","Kazakhstan","KAZ",2012,5.113709,NA
"503","Kazakhstan","KAZ",2013,5.836702,3
"504","Kazakhstan","KAZ",2014,6.718307,3
"505","Kazakhstan","KAZ",2015,NA,4
"506","Kenya","KEN",2010,3.961389,NA
"507","Kenya","KEN",2011,14.02155,NA
"508","Kenya","KEN",2012,9.378396,NA
"509","Kenya","KEN",2013,5.718274,7
"510","Kenya","KEN",2014,6.877498,7
"511","Kenya","KEN",2015,NA,7
"512","Kiribati","KIR",2013,NA,4
"513","Kiribati","KIR",2014,NA,4
"514","Kiribati","KIR",2015,NA,4
"515","Korea, Rep.","KOR",2010,2.955863,NA
"516","Korea, Rep.","KOR",2011,4,NA
"517","Korea, Rep.","KOR",2012,2.192308,NA
"518","Korea, Rep.","KOR",2013,1.307866,5
"519","Korea, Rep.","KOR",2014,1.272406,5
"520","Korea, Rep.","KOR",2015,NA,5
"521","Kosovo","KSV",2010,3.480508,NA
"522","Kosovo","KSV",2011,7.336418,NA
"523","Kosovo","KSV",2012,2.476738,NA
"524","Kosovo","KSV",2013,1.762585,8
"525","Kosovo","KSV",2014,0.433014,8
"526","Kosovo","KSV",2015,NA,8
"527","Kuwait","KWT",2010,4.496403,NA
"528","Kuwait","KWT",2011,4.905336,NA
"529","Kuwait","KWT",2012,3.199344,NA
"530","Kuwait","KWT",2013,2.702703,2
"531","Kuwait","KWT",2014,2.908901,2
"532","Kuwait","KWT",2015,NA,2
"533","Kyrgyz Republic","KGZ",2010,7.967722,NA
"534","Kyrgyz Republic","KGZ",2011,16.49588,NA
"535","Kyrgyz Republic","KGZ",2012,2.687027,NA
"536","Kyrgyz Republic","KGZ",2013,6.606536,8
"537","Kyrgyz Republic","KGZ",2014,7.534247,8
"538","Kyrgyz Republic","KGZ",2015,NA,8
"539","Lao PDR","LAO",2010,5.982317,NA
"540","Lao PDR","LAO",2011,7.576924,NA
"541","Lao PDR","LAO",2012,4.256942,NA
"542","Lao PDR","LAO",2013,6.364939,2
"543","Lao PDR","LAO",2014,4.135226,6
"544","Lao PDR","LAO",2015,NA,6
"545","Latvia","LVA",2010,-1.094196,NA
"546","Latvia","LVA",2011,4.401154,NA
"547","Latvia","LVA",2012,2.211472,NA
"548","Latvia","LVA",2013,0,9
"549","Latvia","LVA",2014,0.631057,9
"550","Latvia","LVA",2015,NA,9
"551","Lebanon","LBN",2010,3.989841,NA
"552","Lebanon","LBN",2013,5.543829,2
"553","Lebanon","LBN",2014,0.7497186,2
"554","Lebanon","LBN",2015,NA,2
"555","Lesotho","LSO",2010,3.597811,NA
"556","Lesotho","LSO",2011,5.024817,NA
"557","Lesotho","LSO",2012,6.103593,NA
"558","Lesotho","LSO",2013,4.928341,5
"559","Lesotho","LSO",2014,5.340362,5
"560","Lesotho","LSO",2015,NA,5
"561","Liberia","LBR",2010,7.291037,NA
"562","Liberia","LBR",2011,8.4866,NA
"563","Liberia","LBR",2012,6.834768,NA
"564","Liberia","LBR",2013,7.574898,4
"565","Liberia","LBR",2014,9.826358,4
"566","Liberia","LBR",2015,NA,8
"567","Libya","LBY",2010,2.799895,NA
"568","Libya","LBY",2011,15.51848,NA
"569","Libya","LBY",2012,6.059804,NA
"570","Libya","LBY",2013,2.605818,0
"571","Libya","LBY",2014,NA,0
"572","Libya","LBY",2015,NA,0
"573","Lithuania","LTU",2010,1.334234,NA
"574","Lithuania","LTU",2011,4.133333,NA
"575","Lithuania","LTU",2012,3.086964,NA
"576","Lithuania","LTU",2013,1.047467,6
"577","Lithuania","LTU",2014,0.1064941,6
"578","Lithuania","LTU",2015,NA,6
"579","Luxembourg","LUX",2010,2.273405,NA
"580","Luxembourg","LUX",2011,3.409796,NA
"581","Luxembourg","LUX",2012,2.6642,NA
"582","Luxembourg","LUX",2013,1.734031,3
"583","Luxembourg","LUX",2014,0.6297491,3
"584","Luxembourg","LUX",2015,NA,3
"585","Macao SAR, China","MAC",2010,2.809706,NA
"586","Macao SAR, China","MAC",2011,5.801242,NA
"587","Macao SAR, China","MAC",2012,6.105436,NA
"588","Macao SAR, China","MAC",2013,5.510678,NA
"589","Macao SAR, China","MAC",2014,6.040902,NA
"590","Macedonia, FYR","MKD",2010,1.509975,NA
"591","Macedonia, FYR","MKD",2011,3.904754,NA
"592","Macedonia, FYR","MKD",2012,3.316056,NA
"593","Macedonia, FYR","MKD",2013,2.784384,6
"594","Macedonia, FYR","MKD",2014,-0.2810181,6
"595","Macedonia, FYR","MKD",2015,NA,6
"596","Madagascar","MDG",2010,9.246717,NA
"597","Madagascar","MDG",2011,9.48254,NA
"598","Madagascar","MDG",2012,6.358699,NA
"599","Madagascar","MDG",2013,5.826429,1
"600","Madagascar","MDG",2014,6.080595,1
"601","Madagascar","MDG",2015,NA,3
"602","Malawi","MWI",2010,7.411591,NA
"603","Malawi","MWI",2011,7.622823,NA
"604","Malawi","MWI",2012,21.27127,NA
"605","Malawi","MWI",2013,27.28333,5
"606","Malawi","MWI",2014,24.43368,5
"607","Malawi","MWI",2015,NA,5
"608","Malaysia","MYS",2010,1.710037,NA
"609","Malaysia","MYS",2011,3.2,NA
"610","Malaysia","MYS",2012,1.655362,NA
"611","Malaysia","MYS",2013,2.105012,7
"612","Malaysia","MYS",2014,3.142991,7
"613","Malaysia","MYS",2015,NA,7
"614","Maldives","MDV",2010,6.609167,NA
"615","Maldives","MDV",2011,12.82983,NA
"616","Maldives","MDV",2012,12.13072,NA
"617","Maldives","MDV",2013,2.314011,2
"618","Maldives","MDV",2014,2.120113,2
"619","Maldives","MDV",2015,NA,2
"620","Mali","MLI",2010,1.108927,NA
"621","Mali","MLI",2011,2.855534,NA
"622","Mali","MLI",2012,5.427387,NA
"623","Mali","MLI",2013,-0.6062217,6
"624","Mali","MLI",2014,0.8927703,6
"625","Mali","MLI",2015,NA,6
"626","Malta","MLT",2010,1.516834,NA
"627","Malta","MLT",2011,2.721905,NA
"628","Malta","MLT",2012,2.417625,NA
"629","Malta","MLT",2013,1.374906,2
"630","Malta","MLT",2014,0.3115001,2
"631","Malta","MLT",2015,NA,2
"632","Marshall Islands","MHL",2013,NA,10
"633","Marshall Islands","MHL",2014,NA,10
"634","Marshall Islands","MHL",2015,NA,10
"635","Mauritania","MRT",2010,6.283541,NA
"636","Mauritania","MRT",2011,5.642433,NA
"637","Mauritania","MRT",2012,4.93588,NA
"638","Mauritania","MRT",2013,4.129642,2
"639","Mauritania","MRT",2014,3.535219,2
"640","Mauritania","MRT",2015,NA,2
"641","Mauritius","MUS",2010,2.892969,NA
"642","Mauritius","MUS",2011,6.531354,NA
"643","Mauritius","MUS",2012,3.85216,NA
"644","Mauritius","MUS",2013,3.543296,6
"645","Mauritius","MUS",2014,3.217692,6
"646","Mauritius","MUS",2015,NA,6
"647","Mexico","MEX",2010,4.156728,NA
"648","Mexico","MEX",2011,3.40738,NA
"649","Mexico","MEX",2012,4.111509,NA
"650","Mexico","MEX",2013,3.80639,7
"651","Mexico","MEX",2014,4.018617,8
"652","Mexico","MEX",2015,NA,10
"653","Micronesia, Fed. Sts.","FSM",2013,NA,11
"654","Micronesia, Fed. Sts.","FSM",2014,NA,11
"655","Micronesia, Fed. Sts.","FSM",2015,NA,11
"656","Middle income","MIC",2010,4.462753,NA
"657","Middle income","MIC",2011,5.838629,NA
"658","Middle income","MIC",2012,4.39179,NA
"659","Middle income","MIC",2013,4.236507,4.54
"660","Middle income","MIC",2014,3.46842,4.73
"661","Middle income","MIC",2015,NA,4.96
"662","Moldova","MDA",2010,7.352251,NA
"663","Moldova","MDA",2011,7.610607,NA
"664","Moldova","MDA",2012,4.639519,NA
"665","Moldova","MDA",2013,4.64179,8
"666","Moldova","MDA",2014,5.088786,8
"667","Moldova","MDA",2015,NA,8
"668","Mongolia","MNG",2010,10.14963,NA
"669","Mongolia","MNG",2011,9.484093,NA
"670","Mongolia","MNG",2012,14.98449,NA
"671","Mongolia","MNG",2013,8.604828,5
"672","Mongolia","MNG",2014,13.02465,5
"673","Mongolia","MNG",2015,NA,5
"674","Montenegro","MNE",2010,0.6549466,NA
"675","Montenegro","MNE",2011,3.450143,NA
"676","Montenegro","MNE",2012,4.145247,NA
"677","Montenegro","MNE",2013,2.205893,12
"678","Montenegro","MNE",2014,-0.7105141,12
"679","Montenegro","MNE",2015,NA,12
"680","Morocco","MAR",2010,0.9873553,NA
"681","Morocco","MAR",2011,0.9223603,NA
"682","Morocco","MAR",2012,1.278741,NA
"683","Morocco","MAR",2013,1.887502,2
"684","Morocco","MAR",2014,0.4354565,2
"685","Morocco","MAR",2015,NA,2
"686","Mozambique","MOZ",2010,12.70124,NA
"687","Mozambique","MOZ",2011,10.35113,NA
"688","Mozambique","MOZ",2012,2.680855,NA
"689","Mozambique","MOZ",2013,4.261353,1
"690","Mozambique","MOZ",2014,2.559749,1
"691","Mozambique","MOZ",2015,NA,1
"692","Myanmar","MMR",2010,7.718382,NA
"693","Myanmar","MMR",2011,5.02146,NA
"694","Myanmar","MMR",2012,1.467583,NA
"695","Myanmar","MMR",2013,5.524279,2
"696","Myanmar","MMR",2014,5.474465,2
"697","Myanmar","MMR",2015,NA,2
"698","Namibia","NAM",2010,4.87492,NA
"699","Namibia","NAM",2011,5.005595,NA
"700","Namibia","NAM",2012,6.721998,NA
"701","Namibia","NAM",2013,5.600925,5
"702","Namibia","NAM",2014,5.35017,5
"703","Namibia","NAM",2015,NA,5
"704","Nepal","NPL",2010,9.324001,NA
"705","Nepal","NPL",2011,9.271714,NA
"706","Nepal","NPL",2012,9.454181,NA
"707","Nepal","NPL",2013,9.042681,6
"708","Nepal","NPL",2014,8.367979,6
"709","Nepal","NPL",2015,NA,6
"710","Netherlands","NLD",2010,1.275553,NA
"711","Netherlands","NLD",2011,2.340944,NA
"712","Netherlands","NLD",2012,2.454489,NA
"713","Netherlands","NLD",2013,2.499944,3
"714","Netherlands","NLD",2014,0.9590235,3
"715","Netherlands","NLD",2015,NA,3
"716","New Zealand","NZL",2010,2.302026,NA
"717","New Zealand","NZL",2011,4.432943,NA
"718","New Zealand","NZL",2012,0.8834303,NA
"719","New Zealand","NZL",2013,1.302862,12
"720","New Zealand","NZL",2014,0.9065992,12
"721","New Zealand","NZL",2015,NA,12
"722","Nicaragua","NIC",2010,5.454855,NA
"723","Nicaragua","NIC",2011,8.082673,NA
"724","Nicaragua","NIC",2012,7.193614,NA
"725","Nicaragua","NIC",2013,7.135381,1
"726","Nicaragua","NIC",2014,6.035792,1
"727","Nicaragua","NIC",2015,NA,1
"728","Niger","NER",2010,0.8040731,NA
"729","Niger","NER",2011,2.942385,NA
"730","Niger","NER",2012,0.4550898,NA
"731","Niger","NER",2013,2.298522,6
"732","Niger","NER",2014,-0.7862515,6
"733","Niger","NER",2015,NA,6
"734","Nigeria","NGA",2010,13.7202,NA
"735","Nigeria","NGA",2011,10.84079,NA
"736","Nigeria","NGA",2012,12.21701,NA
"737","Nigeria","NGA",2013,8.475827,6
"738","Nigeria","NGA",2014,8.057383,6
"739","Nigeria","NGA",2015,NA,6
"740","Norway","NOR",2010,2.399258,NA
"741","Norway","NOR",2011,1.300971,NA
"742","Norway","NOR",2012,0.7092199,NA
"743","Norway","NOR",2013,2.131709,5
"744","Norway","NOR",2014,2.025096,5
"745","Norway","NOR",2015,NA,5
"746","Oman","OMN",2010,3.203396,NA
"747","Oman","OMN",2011,4.070057,NA
"748","Oman","OMN",2012,2.910703,NA
"749","Oman","OMN",2013,1.245417,1
"750","Oman","OMN",2014,1.014015,1
"751","Oman","OMN",2015,NA,1
"752","Other small states","OSS",2010,4.509237,NA
"753","Other small states","OSS",2011,5.068714,NA
"754","Other small states","OSS",2012,6.146775,NA
"755","Other small states","OSS",2013,4.928341,4.222222
"756","Other small states","OSS",2014,3.810414,4.222222
"757","Other small states","OSS",2015,NA,4.222222
"758","Pacific island small states","PSS",2010,2.809293,NA
"759","Pacific island small states","PSS",2011,6.261404,NA
"760","Pacific island small states","PSS",2012,2.049019,NA
"761","Pacific island small states","PSS",2013,1.446143,8.333333
"762","Pacific island small states","PSS",2014,0.7988638,8.333333
"763","Pacific island small states","PSS",2015,NA,8.333333
"764","Pakistan","PAK",2010,13.88114,NA
"765","Pakistan","PAK",2011,11.91677,NA
"766","Pakistan","PAK",2012,9.685053,NA
"767","Pakistan","PAK",2013,7.689504,3
"768","Pakistan","PAK",2014,7.191671,3
"769","Pakistan","PAK",2015,NA,3
"770","Palau","PLW",2013,NA,10
"771","Palau","PLW",2014,NA,10
"772","Palau","PLW",2015,NA,10
"773","Panama","PAN",2010,3.491289,NA
"774","Panama","PAN",2011,5.875802,NA
"775","Panama","PAN",2012,5.6982,NA
"776","Panama","PAN",2013,4.02716,4
"777","Panama","PAN",2014,2.637829,7
"778","Panama","PAN",2015,NA,7
"779","Papua New Guinea","PNG",2010,6.013609,NA
"780","Papua New Guinea","PNG",2011,4.440834,NA
"781","Papua New Guinea","PNG",2012,4.537205,NA
"782","Papua New Guinea","PNG",2013,4.960317,3
"783","Papua New Guinea","PNG",2014,5.20794,3
"784","Papua New Guinea","PNG",2015,NA,3
"785","Paraguay","PRY",2010,4.651163,NA
"786","Paraguay","PRY",2011,8.253968,NA
"787","Paraguay","PRY",2012,3.675919,NA
"788","Paraguay","PRY",2013,2.683857,2
"789","Paraguay","PRY",2014,5.028828,2
"790","Paraguay","PRY",2015,NA,2
"791","Peru","PER",2010,1.528321,NA
"792","Peru","PER",2011,3.370685,NA
"793","Peru","PER",2012,3.653732,NA
"794","Peru","PER",2013,2.816503,8
"795","Peru","PER",2014,3.226047,8
"796","Peru","PER",2015,NA,8
"797","Philippines","PHL",2010,3.789836,NA
"798","Philippines","PHL",2011,4.647303,NA
"799","Philippines","PHL",2012,3.172086,NA
"800","Philippines","PHL",2013,2.997694,3
"801","Philippines","PHL",2014,4.129353,3
"802","Philippines","PHL",2015,NA,3
"803","Poland","POL",2010,2.707452,NA
"804","Poland","POL",2011,4.258333,NA
"805","Poland","POL",2012,3.55687,NA
"806","Poland","POL",2013,1.03427,7
"807","Poland","POL",2014,0.1069519,7
"808","Poland","POL",2015,NA,7
"809","Portugal","PRT",2010,1.402573,NA
"810","Portugal","PRT",2011,3.653011,NA
"811","Portugal","PRT",2012,2.773339,NA
"812","Portugal","PRT",2013,0.2744167,2
"813","Portugal","PRT",2014,-0.2781534,2
"814","Portugal","PRT",2015,NA,2
"815","Puerto Rico","PRI",2013,NA,10
"816","Puerto Rico","PRI",2014,NA,10
"817","Puerto Rico","PRI",2015,NA,10
"818","Qatar","QAT",2010,-2.425257,NA
"819","Qatar","QAT",2011,1.91639,NA
"820","Qatar","QAT",2012,1.866585,NA
"821","Qatar","QAT",2013,3.131571,1
"822","Qatar","QAT",2014,3.082474,1
"823","Qatar","QAT",2015,NA,1
"824","Romania","ROM",2010,6.094216,NA
"825","Romania","ROM",2011,5.787777,NA
"826","Romania","ROM",2012,3.3338,NA
"827","Romania","ROM",2013,3.98536,10
"828","Romania","ROM",2014,1.068961,10
"829","Romania","ROM",2015,NA,10
"830","Russian Federation","RUS",2010,6.858019,NA
"831","Russian Federation","RUS",2011,8.435001,NA
"832","Russian Federation","RUS",2012,5.067719,NA
"833","Russian Federation","RUS",2013,6.762503,4
"834","Russian Federation","RUS",2014,7.826032,4
"835","Russian Federation","RUS",2015,NA,6
"836","Rwanda","RWA",2010,2.309146,NA
"837","Rwanda","RWA",2011,5.670683,NA
"838","Rwanda","RWA",2012,6.270903,NA
"839","Rwanda","RWA",2013,8.039162,9
"840","Rwanda","RWA",2014,1.269842,11
"841","Rwanda","RWA",2015,NA,11
"842","Samoa","WSM",2010,0.7770073,NA
"843","Samoa","WSM",2011,5.198143,NA
"844","Samoa","WSM",2012,2.049019,NA
"845","Samoa","WSM",2013,0.6100857,5
"846","Samoa","WSM",2014,-0.4068161,5
"847","Samoa","WSM",2015,NA,5
"848","San Marino","SMR",2010,2.585418,NA
"849","San Marino","SMR",2011,2.007877,NA
"850","San Marino","SMR",2012,2.827332,NA
"851","San Marino","SMR",2013,1.604393,1
"852","San Marino","SMR",2014,1.113017,1
"853","San Marino","SMR",2015,NA,1
"854","Sao Tome and Principe","STP",2010,13.34005,NA
"855","Sao Tome and Principe","STP",2011,14.3209,NA
"856","Sao Tome and Principe","STP",2012,10.63712,NA
"857","Sao Tome and Principe","STP",2013,8.106293,0
"858","Sao Tome and Principe","STP",2014,6.987769,0
"859","Sao Tome and Principe","STP",2015,NA,0
"860","Saudi Arabia","SAU",2010,5.343137,NA
"861","Saudi Arabia","SAU",2011,5.823591,NA
"862","Saudi Arabia","SAU",2012,2.885962,NA
"863","Saudi Arabia","SAU",2013,3.506264,2
"864","Saudi Arabia","SAU",2014,2.670526,2
"865","Saudi Arabia","SAU",2015,NA,2
"866","Senegal","SEN",2010,1.228681,NA
"867","Senegal","SEN",2011,3.403228,NA
"868","Senegal","SEN",2012,1.421378,NA
"869","Senegal","SEN",2013,0.6986268,6
"870","Senegal","SEN",2014,-1.07815,6
"871","Senegal","SEN",2015,NA,6
"872","Serbia","SRB",2010,6.142554,NA
"873","Serbia","SRB",2011,11.1374,NA
"874","Serbia","SRB",2012,7.330386,NA
"875","Serbia","SRB",2013,7.694264,5
"876","Serbia","SRB",2014,2.082448,5
"877","Serbia","SRB",2015,NA,5
"878","Seychelles","SYC",2010,-2.404639,NA
"879","Seychelles","SYC",2011,2.559268,NA
"880","Seychelles","SYC",2012,7.110371,NA
"881","Seychelles","SYC",2013,4.338938,2
"882","Seychelles","SYC",2014,1.385835,2
"883","Seychelles","SYC",2015,NA,2
"884","Sierra Leone","SLE",2010,-2.404639,NA
"885","Sierra Leone","SLE",2011,2.559268,NA
"886","Sierra Leone","SLE",2012,7.110371,NA
"887","Sierra Leone","SLE",2013,4.338938,5
"888","Sierra Leone","SLE",2014,1.385835,5
"889","Sierra Leone","SLE",2015,NA,5
"890","Singapore","SGP",2010,2.8,NA
"891","Singapore","SGP",2011,5.252918,NA
"892","Singapore","SGP",2012,4.528651,NA
"893","Singapore","SGP",2013,2.37849,8
"894","Singapore","SGP",2014,1.010101,8
"895","Singapore","SGP",2015,NA,8
"896","Slovak Republic","SVK",2010,0.9570181,NA
"897","Slovak Republic","SVK",2011,3.919286,NA
"898","Slovak Republic","SVK",2012,3.606103,NA
"899","Slovak Republic","SVK",2013,1.400474,7
"900","Slovak Republic","SVK",2014,-0.07616533,7
"901","Slovak Republic","SVK",2015,NA,7
"902","Slovenia","SVN",2010,1.840965,NA
"903","Slovenia","SVN",2011,1.81058,NA
"904","Slovenia","SVN",2012,2.598298,NA
"905","Slovenia","SVN",2013,1.760351,3
"906","Slovenia","SVN",2014,0.2000749,3
"907","Slovenia","SVN",2015,NA,3
"908","Small states","SST",2010,3.553509,NA
"909","Small states","SST",2011,5.068714,NA
"910","Small states","SST",2012,4.145247,NA
"911","Small states","SST",2013,2.205893,5.425
"912","Small states","SST",2014,2.120113,5.55
"913","Small states","SST",2015,NA,5.55
"914","Solomon Islands","SLB",2010,1.051482,NA
"915","Solomon Islands","SLB",2011,7.342707,NA
"916","Solomon Islands","SLB",2012,5.912006,NA
"917","Solomon Islands","SLB",2013,5.391364,10
"918","Solomon Islands","SLB",2014,5.165902,10
"919","Solomon Islands","SLB",2015,NA,10
"920","South Africa","ZAF",2010,4.262344,NA
"921","South Africa","ZAF",2011,4.99551,NA
"922","South Africa","ZAF",2012,5.653583,NA
"923","South Africa","ZAF",2013,5.445279,5
"924","South Africa","ZAF",2014,6.375259,5
"925","South Africa","ZAF",2015,NA,5
"926","South Asia","SAS",2010,7.58153,NA
"927","South Asia","SAS",2011,9.736687,NA
"928","South Asia","SAS",2012,9.383313,NA
"929","South Asia","SAS",2013,7.592145,4.875
"930","South Asia","SAS",2014,6.67218,4.875
"931","South Asia","SAS",2015,NA,4.875
"932","South Sudan","SSD",2010,1.17,NA
"933","South Sudan","SSD",2011,47.27686,NA
"934","South Sudan","SSD",2013,NA,2
"935","South Sudan","SSD",2014,NA,2
"936","South Sudan","SSD",2015,NA,2
"937","Spain","ESP",2010,1.79974,NA
"938","Spain","ESP",2011,3.196243,NA
"939","Spain","ESP",2012,2.445915,NA
"940","Spain","ESP",2013,1.408628,5
"941","Spain","ESP",2014,-0.1470318,5
"942","Spain","ESP",2015,NA,5
"943","Sri Lanka","LKA",2010,6.217649,NA
"944","Sri Lanka","LKA",2011,6.716768,NA
"945","Sri Lanka","LKA",2012,7.542914,NA
"946","Sri Lanka","LKA",2013,6.911547,3
"947","Sri Lanka","LKA",2014,3.277826,3
"948","Sri Lanka","LKA",2015,NA,3
"949","St. Kitts and Nevis","KNA",2010,0.5055003,NA
"950","St. Kitts and Nevis","KNA",2011,7.068913,NA
"951","St. Kitts and Nevis","KNA",2012,1.414594,NA
"952","St. Kitts and Nevis","KNA",2013,1.029866,5
"953","St. Kitts and Nevis","KNA",2014,0.7517839,5
"954","St. Kitts and Nevis","KNA",2015,NA,5
"955","St. Lucia","LCA",2010,3.250344,NA
"956","St. Lucia","LCA",2011,2.769408,NA
"957","St. Lucia","LCA",2012,4.177636,NA
"958","St. Lucia","LCA",2013,1.472018,5
"959","St. Lucia","LCA",2014,3.518478,5
"960","St. Lucia","LCA",2015,NA,5
"961","St. Vincent and the Grenadines","VCT",2010,1.480573,NA
"962","St. Vincent and the Grenadines","VCT",2011,3.186031,NA
"963","St. Vincent and the Grenadines","VCT",2012,2.598444,NA
"964","St. Vincent and the Grenadines","VCT",2013,0.8051278,5
"965","St. Vincent and the Grenadines","VCT",2014,0.1938586,5
"966","St. Vincent and the Grenadines","VCT",2015,NA,5
"967","Sudan","SDN",2010,13.24539,NA
"968","Sudan","SDN",2011,22.11212,NA
"969","Sudan","SDN",2012,37.39336,NA
"970","Sudan","SDN",2013,29.95861,3
"971","Sudan","SDN",2014,36.90776,3
"972","Sudan","SDN",2015,NA,3
"973","Suriname","SUR",2010,6.944787,NA
"974","Suriname","SUR",2011,17.71178,NA
"975","Suriname","SUR",2012,5.006863,NA
"976","Suriname","SUR",2013,1.960784,2
"977","Suriname","SUR",2014,3.345788,2
"978","Suriname","SUR",2015,NA,2
"979","Swaziland","SWZ",2010,4.509237,NA
"980","Swaziland","SWZ",2011,6.105198,NA
"981","Swaziland","SWZ",2012,8.939609,NA
"982","Swaziland","SWZ",2013,5.619599,4
"983","Swaziland","SWZ",2014,5.685267,4
"984","Swaziland","SWZ",2015,NA,4
"985","Sweden","SWE",2010,1.157988,NA
"986","Sweden","SWE",2011,2.961151,NA
"987","Sweden","SWE",2012,0.8883775,NA
"988","Sweden","SWE",2013,-0.04429297,6
"989","Sweden","SWE",2014,-0.1796385,6
"990","Sweden","SWE",2015,NA,6
"991","Switzerland","CHE",2010,0.6985101,NA
"992","Switzerland","CHE",2011,0.2256016,NA
"993","Switzerland","CHE",2012,-0.6669446,NA
"994","Switzerland","CHE",2013,-0.2409903,6
"995","Switzerland","CHE",2014,-0.01322533,6
"996","Switzerland","CHE",2015,NA,6
"997","Syrian Arab Republic","SYR",2010,4.397414,NA
"998","Syrian Arab Republic","SYR",2011,4.753164,NA
"999","Syrian Arab Republic","SYR",2012,36.7023,NA
"1000","Syrian Arab Republic","SYR",2013,NA,1
"1001","Syrian Arab Republic","SYR",2014,NA,1
"1002","Syrian Arab Republic","SYR",2015,NA,1
"1003","Tajikistan","TJK",2013,NA,1
"1004","Tajikistan","TJK",2014,NA,1
"1005","Tajikistan","TJK",2015,NA,1
"1006","Tanzania","TZA",2010,6.200156,NA
"1007","Tanzania","TZA",2011,12.69097,NA
"1008","Tanzania","TZA",2012,16.00109,NA
"1009","Tanzania","TZA",2013,7.870724,5
"1010","Tanzania","TZA",2014,6.131614,5
"1011","Tanzania","TZA",2015,NA,5
"1012","Thailand","THA",2010,3.27222,NA
"1013","Thailand","THA",2011,3.808791,NA
"1014","Thailand","THA",2012,3.0149,NA
"1015","Thailand","THA",2013,2.184886,3
"1016","Thailand","THA",2014,1.895142,3
"1017","Thailand","THA",2015,NA,3
"1018","Timor-Leste","TMP",2010,6.765977,NA
"1019","Timor-Leste","TMP",2011,13.49984,NA
"1020","Timor-Leste","TMP",2012,11.80031,NA
"1021","Timor-Leste","TMP",2013,11.15662,0
"1022","Timor-Leste","TMP",2014,0.4435484,0
"1023","Timor-Leste","TMP",2015,NA,0
"1024","Togo","TGO",2010,1.834169,NA
"1025","Togo","TGO",2011,3.572277,NA
"1026","Togo","TGO",2012,2.630774,NA
"1027","Togo","TGO",2013,1.766766,6
"1028","Togo","TGO",2014,0.1896449,6
"1029","Togo","TGO",2015,NA,6
"1030","Tonga","TON",2010,3.553509,NA
"1031","Tonga","TON",2011,6.261404,NA
"1032","Tonga","TON",2012,1.212991,NA
"1033","Tonga","TON",2013,0.7120585,10
"1034","Tonga","TON",2014,2.510876,10
"1035","Tonga","TON",2015,NA,10
"1036","Trinidad and Tobago","TTO",2010,10.54739,NA
"1037","Trinidad and Tobago","TTO",2011,5.099366,NA
"1038","Trinidad and Tobago","TTO",2012,9.26858,NA
"1039","Trinidad and Tobago","TTO",2013,5.199817,6
"1040","Trinidad and Tobago","TTO",2014,5.684418,7
"1041","Trinidad and Tobago","TTO",2015,NA,7
"1042","Tunisia","TUN",2010,4.416269,NA
"1043","Tunisia","TUN",2011,3.544029,NA
"1044","Tunisia","TUN",2012,5.138117,NA
"1045","Tunisia","TUN",2013,5.798545,2
"1046","Tunisia","TUN",2014,4.937735,2
"1047","Tunisia","TUN",2015,NA,2
"1048","Turkey","TUR",2010,8.566444,NA
"1049","Turkey","TUR",2011,6.47188,NA
"1050","Turkey","TUR",2012,8.89157,NA
"1051","Turkey","TUR",2013,7.49309,3
"1052","Turkey","TUR",2014,8.854573,3
"1053","Turkey","TUR",2015,NA,3
"1054","Uganda","UGA",2010,3.976553,NA
"1055","Uganda","UGA",2011,18.6929,NA
"1056","Uganda","UGA",2012,14.01606,NA
"1057","Uganda","UGA",2013,5.464402,6
"1058","Uganda","UGA",2014,4.288209,6
"1059","Uganda","UGA",2015,NA,6
"1060","Ukraine","UKR",2010,9.378589,NA
"1061","Ukraine","UKR",2011,7.960095,NA
"1062","Ukraine","UKR",2012,0.5555556,NA
"1063","Ukraine","UKR",2013,-0.2762431,8
"1064","Ukraine","UKR",2014,12.18837,8
"1065","Ukraine","UKR",2015,NA,8
"1066","United Arab Emirates","ARE",2010,0.8789368,NA
"1067","United Arab Emirates","ARE",2011,0.8768366,NA
"1068","United Arab Emirates","ARE",2012,0.6640673,NA
"1069","United Arab Emirates","ARE",2013,1.100691,2
"1070","United Arab Emirates","ARE",2014,2.344704,2
"1071","United Arab Emirates","ARE",2015,NA,2
"1072","United Kingdom","GBR",2010,3.285714,NA
"1073","United Kingdom","GBR",2011,4.48424,NA
"1074","United Kingdom","GBR",2012,2.82171,NA
"1075","United Kingdom","GBR",2013,2.554547,7
"1076","United Kingdom","GBR",2014,1.460192,7
"1077","United Kingdom","GBR",2015,NA,7
"1078","United States","USA",2010,1.640043,NA
"1079","United States","USA",2011,3.156842,NA
"1080","United States","USA",2012,2.069337,NA
"1081","United States","USA",2013,1.464833,11
"1082","United States","USA",2014,1.622223,11
"1083","United States","USA",2015,NA,11
"1084","Uruguay","URY",2010,6.676387,NA
"1085","Uruguay","URY",2011,8.093775,NA
"1086","Uruguay","URY",2012,8.097766,NA
"1087","Uruguay","URY",2013,8.575135,4
"1088","Uruguay","URY",2014,8.877353,4
"1089","Uruguay","URY",2015,NA,4
"1090","Uzbekistan","UZB",2013,NA,1
"1091","Uzbekistan","UZB",2014,NA,1
"1092","Uzbekistan","UZB",2015,NA,6
"1093","Vanuatu","VUT",2010,2.809293,NA
"1094","Vanuatu","VUT",2011,0.8626829,NA
"1095","Vanuatu","VUT",2012,1.363636,NA
"1096","Vanuatu","VUT",2013,1.446143,10
"1097","Vanuatu","VUT",2014,0.7988638,10
"1098","Vanuatu","VUT",2015,NA,10
"1099","Venezuela, RB","VEN",2010,28.18746,NA
"1100","Venezuela, RB","VEN",2011,26.09021,NA
"1101","Venezuela, RB","VEN",2012,21.069,NA
"1102","Venezuela, RB","VEN",2013,40.63943,1
"1103","Venezuela, RB","VEN",2014,62.16865,1
"1104","Venezuela, RB","VEN",2015,NA,1
"1105","Vietnam","VNM",2010,8.8616,NA
"1106","Vietnam","VNM",2011,18.67748,NA
"1107","Vietnam","VNM",2012,9.094216,NA
"1108","Vietnam","VNM",2013,6.592256,7
"1109","Vietnam","VNM",2014,4.0859,7
"1110","Vietnam","VNM",2015,NA,7
"1111","Yemen, Rep.","YEM",2013,NA,0
"1112","Yemen, Rep.","YEM",2014,NA,0
"1113","Yemen, Rep.","YEM",2015,NA,0
"1114","Zambia","ZMB",2010,8.501761,NA
"1115","Zambia","ZMB",2011,6.429397,NA
"1116","Zambia","ZMB",2012,6.5759,NA
"1117","Zambia","ZMB",2013,6.977676,7
"1118","Zambia","ZMB",2014,7.811954,7
"1119","Zambia","ZMB",2015,NA,7
"1120","Zimbabwe","ZWE",2013,NA,5
"1121","Zimbabwe","ZWE",2014,NA,5
"1122","Zimbabwe","ZWE",2015,NA,5
