"","CountryName","CountryCode","Year","EG.ELC.ACCS.ZS","EG.FEC.RNEW.ZS","EG.USE.COMM.FO.ZS","EG.USE.ELEC.KH.PC"
"1","Afghanistan","AFG",2010,41,15.17152,NA,NA
"2","Afghanistan","AFG",2011,NA,10.80752,NA,NA
"3","Afghanistan","AFG",2012,43,NA,NA,NA
"4","Albania","ALB",2010,100,37.18621,63.00601,1947.463
"5","Albania","ALB",2011,NA,36.15232,61.76575,2195.003
"6","Albania","ALB",2012,100,38.22183,59.37131,2118.264
"7","Algeria","DZA",2010,99.3,0.257182,99.84794,1014.981
"8","Algeria","DZA",2011,NA,0.1799392,99.88757,1121.629
"9","Algeria","DZA",2012,100,0.1903738,99.86002,1236.13
"10","American Samoa","ASM",2010,55.8,NA,NA,NA
"11","American Samoa","ASM",2012,59.32891,NA,NA,NA
"12","Andorra","ADO",2010,100,NA,NA,NA
"13","Andorra","ADO",2012,100,NA,NA,NA
"14","Angola","AGO",2010,34.6,57.27504,39.62311,227.2389
"15","Angola","AGO",2011,NA,57.70308,38.77622,228.5084
"16","Angola","AGO",2012,37,57.17527,38.90476,219.5222
"17","Antigua and Barbuda","ATG",2010,87.87328,NA,NA,NA
"18","Antigua and Barbuda","ATG",2012,90.87544,NA,NA,NA
"19","Argentina","ARG",2010,94,8.96067,89.51248,2847.327
"20","Argentina","ARG",2011,NA,8.951076,89.64297,2901.361
"21","Argentina","ARG",2012,99.8,8.772578,89.80423,2954.611
"22","Armenia","ARM",2010,99.8,9.363417,67.39918,1676.061
"23","Armenia","ARM",2011,NA,8.019003,71.54126,1752.368
"24","Armenia","ARM",2012,100,6.567873,77.33169,1832.229
"25","Aruba","ABW",2010,87.87328,5.47276,NA,NA
"26","Aruba","ABW",2011,NA,5.662064,NA,NA
"27","Aruba","ABW",2012,90.87544,NA,NA,NA
"28","Australia","AUS",2010,100,7.159708,95.07248,10740.41
"29","Australia","AUS",2011,NA,7.477579,94.84615,10712.16
"30","Australia","AUS",2012,100,8.442666,94.39264,10398.2
"31","Australia","AUS",2013,NA,NA,93.83341,NA
"32","Austria","AUT",2010,100,31.39805,70.10766,8347.438
"33","Austria","AUT",2011,NA,31.45928,69.03102,8389.656
"34","Austria","AUT",2012,100,34.4506,66.65679,8507.127
"35","Austria","AUT",2013,NA,NA,65.95933,NA
"36","Azerbaijan","AZE",2010,99.5,4.449734,96.93249,1603.431
"37","Azerbaijan","AZE",2011,NA,3.556331,97.86257,1705.425
"38","Azerbaijan","AZE",2012,100,2.845522,98.4767,2052.651
"39","Bahamas, The","BHS",2010,100,1.588608,NA,NA
"40","Bahamas, The","BHS",2011,NA,1.608499,NA,NA
"41","Bahamas, The","BHS",2012,100,NA,NA,NA
"42","Bahrain","BHR",2010,94.1,NA,99.88049,17442.06
"43","Bahrain","BHR",2011,NA,NA,99.91728,17093.23
"44","Bahrain","BHR",2012,97.69783,NA,NA,17395.32
"45","Bangladesh","BGD",2010,55.2,41.02691,71.39898,247.3209
"46","Bangladesh","BGD",2011,NA,39.55374,72.04491,258.3739
"47","Bangladesh","BGD",2012,59.6,38.29972,72.99875,278.5954
"48","Barbados","BRB",2010,87.87328,8.814996,NA,NA
"49","Barbados","BRB",2011,NA,9.47727,NA,NA
"50","Barbados","BRB",2012,90.87544,NA,NA,NA
"51","Belarus","BLR",2010,100,7.016371,91.98836,3563.857
"52","Belarus","BLR",2011,NA,7.378485,91.39247,3628.523
"53","Belarus","BLR",2012,100,7.249394,91.04727,3697.591
"54","Belgium","BEL",2010,100,5.18756,73.70715,8368.656
"55","Belgium","BEL",2011,NA,5.461707,68.86228,8021.366
"56","Belgium","BEL",2012,100,7.384542,69.12937,7986.524
"57","Belgium","BEL",2013,NA,NA,68.96786,NA
"58","Belize","BLZ",2010,99.3,26.93441,NA,NA
"59","Belize","BLZ",2011,NA,26.8003,NA,NA
"60","Belize","BLZ",2012,100,NA,NA,NA
"61","Benin","BEN",2010,27.9,51.54937,41.55419,NA
"62","Benin","BEN",2011,NA,51.19204,41.80981,NA
"63","Benin","BEN",2012,38.4,50.56738,42.37071,NA
"64","Bermuda","BMU",2010,100,NA,NA,NA
"65","Bermuda","BMU",2012,100,NA,NA,NA
"66","Bhutan","BTN",2010,72,91.3845,NA,NA
"67","Bhutan","BTN",2011,NA,89.96231,NA,NA
"68","Bhutan","BTN",2012,75.56256,NA,NA,NA
"69","Bolivia","BOL",2010,80.2,33.53833,71.64524,620.7751
"70","Bolivia","BOL",2011,NA,32.67759,71.675,636.6192
"71","Bolivia","BOL",2012,90.5,27.98531,77.01661,662.5801
"72","Bosnia and Herzegovina","BIH",2010,99.7,19.56271,91.60415,3048.817
"73","Bosnia and Herzegovina","BIH",2011,NA,14.16252,93.94578,3194.418
"74","Bosnia and Herzegovina","BIH",2012,100,15.27436,91.93027,3276.026
"75","Botswana","BWA",2010,43.1,24.10492,66.32928,1554.816
"76","Botswana","BWA",2011,NA,24.54278,64.74769,1523.181
"77","Botswana","BWA",2012,53.24,23.85167,64.10677,1513.488
"78","Brazil","BRA",2010,98,47.00809,53.48536,2339.445
"79","Brazil","BRA",2011,NA,45.47028,54.56669,2394.398
"80","Brazil","BRA",2012,99.5,43.62651,56.54643,2462.219
"81","Brunei Darussalam","BRN",2010,72.6,NA,NA,8705.778
"82","Brunei Darussalam","BRN",2011,NA,0.01583071,99.99564,8657.055
"83","Brunei Darussalam","BRN",2012,76.16138,0.0147908,99.99557,9092.209
"84","Bulgaria","BGR",2010,100,14.36811,73.20208,4560.415
"85","Bulgaria","BGR",2011,NA,13.27556,75.02093,4863.691
"86","Bulgaria","BGR",2012,100,15.75074,72.1611,4761.913
"87","Burkina Faso","BFA",2010,13.1,83.68521,NA,NA
"88","Burkina Faso","BFA",2011,NA,80.01006,NA,NA
"89","Burkina Faso","BFA",2012,13.1,NA,NA,NA
"90","Burundi","BDI",2010,5.3,96.85598,NA,NA
"91","Burundi","BDI",2011,NA,96.64632,NA,NA
"92","Burundi","BDI",2012,6.5,NA,NA,NA
"93","Cabo Verde","CPV",2010,67,27.62355,NA,NA
"94","Cabo Verde","CPV",2011,NA,21.20173,NA,NA
"95","Cabo Verde","CPV",2012,70.56256,NA,NA,NA
"96","Cambodia","KHM",2010,31.1,73.3051,25.60021,143.7663
"97","Cambodia","KHM",2011,NA,72.25213,26.22424,164.5298
"98","Cambodia","KHM",2012,31.1,72.63119,25.23922,206.5094
"99","Cameroon","CMR",2010,49,78.60424,31.16396,258.3209
"100","Cameroon","CMR",2011,NA,78.44118,27.56954,259.5285
"101","Cameroon","CMR",2012,53.7,78.11014,27.92653,262.3331
"102","Canada","CAN",2010,100,20.6561,74.3885,15965.17
"103","Canada","CAN",2011,NA,20.69118,73.53122,16167.71
"104","Canada","CAN",2012,100,20.59872,73.39549,15614.61
"105","Canada","CAN",2013,NA,NA,72.34744,NA
"106","Caribbean small states","CSS",2010,92.38233,8.468958,97.89905,NA
"107","Caribbean small states","CSS",2011,NA,9.461186,97.72864,NA
"108","Caribbean small states","CSS",2012,93.45616,5.239438,97.66925,NA
"109","Cayman Islands","CYM",2010,87.87328,NA,NA,NA
"110","Cayman Islands","CYM",2012,90.87544,NA,NA,NA
"111","Central African Republic","CAF",2010,9.5,79.81061,NA,NA
"112","Central African Republic","CAF",2011,NA,78.37461,NA,NA
"113","Central African Republic","CAF",2012,10.8,NA,NA,NA
"114","Chad","TCD",2010,3.5,90.79991,NA,NA
"115","Chad","TCD",2011,NA,90.60724,NA,NA
"116","Chad","TCD",2012,6.4,NA,NA,NA
"117","Channel Islands","CHI",2010,100,NA,NA,NA
"118","Channel Islands","CHI",2012,100,NA,NA,NA
"119","Chile","CHL",2010,99,26.9674,77.6183,3316.182
"120","Chile","CHL",2011,NA,28.72209,76.70942,3590.309
"121","Chile","CHL",2012,99.6,30.27261,70.0295,3810.118
"122","Chile","CHL",2013,NA,NA,70.46828,NA
"123","China","CHN",2010,99.7,19.07913,87.77236,2943.612
"124","China","CHN",2011,NA,18.01648,88.41866,3298.024
"125","China","CHN",2012,100,18.36255,88.2347,3475.009
"126","Colombia","COL",2010,96.7,27.93153,76.9531,1077.984
"127","Colombia","COL",2011,NA,26.41774,75.71844,1121.396
"128","Colombia","COL",2012,97,26.27444,75.58451,1149.954
"129","Comoros","COM",2010,51.5,50.20379,NA,NA
"130","Comoros","COM",2011,NA,46.84945,NA,NA
"131","Comoros","COM",2012,69.3,NA,NA,NA
"132","Congo, Dem. Rep.","ZAR",2010,15.2,96.84401,3.208889,102.4739
"133","Congo, Dem. Rep.","ZAR",2011,NA,96.26167,3.828573,105.908
"134","Congo, Dem. Rep.","ZAR",2012,16.4,95.9569,4.125814,104.8923
"135","Congo, Rep.","COG",2010,37.1,50.14364,45.21893,147.5623
"136","Congo, Rep.","COG",2011,NA,49.54463,48.33339,173.5515
"137","Congo, Rep.","COG",2012,41.6,48.18631,47.9239,181.7466
"138","Costa Rica","CRI",2010,98,42.31267,47.51502,1901.536
"139","Costa Rica","CRI",2011,NA,40.50231,48.26392,1898.929
"140","Costa Rica","CRI",2012,99.5,38.62403,47.82845,1957.179
"141","Cote d'Ivoire","CIV",2010,58.9,75.42421,22.78301,219.3058
"142","Cote d'Ivoire","CIV",2011,NA,79.31485,20.56624,200.9787
"143","Cote d'Ivoire","CIV",2012,55.8,74.3989,24.53101,239.733
"144","Croatia","HRV",2010,100,19.43071,81.92892,3813.679
"145","Croatia","HRV",2011,NA,17.21733,81.59532,3900.601
"146","Croatia","HRV",2012,100,19.96813,79.17608,3819.28
"147","Cuba","CUB",2010,100,17.30187,88.77548,1293.671
"148","Cuba","CUB",2011,NA,19.52786,86.74458,1322.286
"149","Cuba","CUB",2012,100,18.87409,86.51515,1367.672
"150","Curacao","CUW",2010,87.87328,NA,NA,NA
"151","Curacao","CUW",2012,90.87544,NA,NA,NA
"152","Cyprus","CYP",2010,100,6.353223,95.39065,4622.696
"153","Cyprus","CYP",2011,NA,7.415747,94.89409,4270.833
"154","Cyprus","CYP",2012,100,8.361861,94.18067,4055.599
"155","Czech Republic","CZE",2010,100,9.492428,79.67529,6348.424
"156","Czech Republic","CZE",2011,NA,10.23693,78.7175,6298.728
"157","Czech Republic","CZE",2012,100,10.92614,76.74859,6304.572
"158","Czech Republic","CZE",2013,NA,NA,74.93468,NA
"159","Denmark","DNK",2010,100,21.28446,78.27422,6327.506
"160","Denmark","DNK",2011,NA,23.95231,74.79027,6167.948
"161","Denmark","DNK",2012,100,27.5636,70.63815,6038.552
"162","Denmark","DNK",2013,NA,NA,71.67723,NA
"163","Djibouti","DJI",2010,49.7,34.43334,NA,NA
"164","Djibouti","DJI",2011,NA,34.44419,NA,NA
"165","Djibouti","DJI",2012,53.26256,NA,NA,NA
"166","Dominica","DMA",2010,91.83897,8.88422,NA,NA
"167","Dominica","DMA",2011,NA,11.55085,NA,NA
"168","Dominica","DMA",2012,92.66676,NA,NA,NA
"169","Dominican Republic","DOM",2010,98,13.3084,89.52042,1366.036
"170","Dominican Republic","DOM",2011,NA,13.20163,89.66665,1397.308
"171","Dominican Republic","DOM",2012,98,13.19235,89.43299,1472.57
"172","Ecuador","ECU",2010,97,11.9293,89.5795,1146.592
"173","Ecuador","ECU",2011,NA,13.22002,88.2758,1218.532
"174","Ecuador","ECU",2012,97.2,13.37341,88.31464,1281.56
"175","Egypt, Arab Rep.","EGY",2010,99.6,5.670957,96.31082,1589.876
"176","Egypt, Arab Rep.","EGY",2011,NA,5.518388,96.46974,1700.74
"177","Egypt, Arab Rep.","EGY",2012,100,5.499426,96.37166,1700.449
"178","El Salvador","SLV",2010,92,34.12739,46.02948,877.7296
"179","El Salvador","SLV",2011,NA,34.01886,47.38177,857.1134
"180","El Salvador","SLV",2012,93.7,34.01161,47.31948,881.2244
"181","Equatorial Guinea","GNQ",2010,65.1722,31.2768,NA,NA
"182","Equatorial Guinea","GNQ",2011,NA,29.81514,NA,NA
"183","Equatorial Guinea","GNQ",2012,66,NA,NA,NA
"184","Eritrea","ERI",2010,32.5,81.24658,21.97013,57.99989
"185","Eritrea","ERI",2011,NA,80.78037,21.6827,60.33947
"186","Eritrea","ERI",2012,36.0768,80.4219,22.12838,62.34372
"187","Estonia","EST",2010,100,25.12988,20.57486,6506.318
"188","Estonia","EST",2011,NA,24.98354,18.87798,6314.414
"189","Estonia","EST",2012,100,24.90855,19.55975,6689.368
"190","Estonia","EST",2013,NA,NA,17.34376,NA
"191","Ethiopia","ETH",2010,23,94.44462,4.817478,51.1867
"192","Ethiopia","ETH",2011,NA,93.98468,5.148112,55.96565
"193","Ethiopia","ETH",2012,26.56256,93.49062,5.517943,57.43498
"194","Faeroe Islands","FRO",2010,100,NA,NA,NA
"195","Faeroe Islands","FRO",2012,100,NA,NA,NA
"196","Fiji","FJI",2010,55.8,10.91091,NA,NA
"197","Fiji","FJI",2011,NA,12.22213,NA,NA
"198","Fiji","FJI",2012,59.32891,NA,NA,NA
"199","Finland","FIN",2010,100,33.51727,48.95682,16482.79
"200","Finland","FIN",2011,NA,35.12738,46.64618,15707.26
"201","Finland","FIN",2012,100,39.11588,42.0928,15687.19
"202","Finland","FIN",2013,NA,NA,42.90605,NA
"203","France","FRA",2010,100,12.18259,49.84914,7735.787
"204","France","FRA",2011,NA,11.30477,48.42696,7216.069
"205","France","FRA",2012,100,12.58879,48.7253,7343.878
"206","France","FRA",2013,NA,NA,48.23312,NA
"207","French Polynesia","PYF",2010,55.8,10.69221,NA,NA
"208","French Polynesia","PYF",2011,NA,9.377708,NA,NA
"209","French Polynesia","PYF",2012,59.32891,NA,NA,NA
"210","Gabon","GAB",2010,81.6,68.34019,40.71086,1032.468
"211","Gabon","GAB",2011,NA,68.25588,41.38277,1052.433
"212","Gabon","GAB",2012,89.3,69.57137,40.7264,1094.522
"213","Gambia, The","GMB",2010,31,45.08914,NA,NA
"214","Gambia, The","GMB",2011,NA,48.83429,NA,NA
"215","Gambia, The","GMB",2012,34.5268,NA,NA,NA
"216","Georgia","GEO",2010,100,40.12232,64.70334,1742.948
"217","Georgia","GEO",2011,NA,31.53766,72.76507,1917.985
"218","Georgia","GEO",2012,100,28.69262,74.46282,1934.665
"219","Germany","DEU",2010,100,10.60449,79.38259,7264.323
"220","Germany","DEU",2011,NA,11.57818,80.2619,7145.729
"221","Germany","DEU",2012,100,12.38408,80.4054,7270.153
"222","Germany","DEU",2013,NA,NA,80.90489,NA
"223","Ghana","GHA",2010,60.5,56.62737,39.38917,282.7566
"224","Ghana","GHA",2011,NA,53.49913,40.79426,320.9579
"225","Ghana","GHA",2012,64.06256,49.48752,43.64185,346.0227
"226","Greece","GRC",2010,100,11.12153,90.36635,5318.084
"227","Greece","GRC",2011,NA,11.12405,90.8282,5380.46
"228","Greece","GRC",2012,100,13.89544,90.10163,5511.067
"229","Greece","GRC",2013,NA,NA,87.83073,NA
"230","Greenland","GRL",2010,100,NA,NA,NA
"231","Greenland","GRL",2012,100,NA,NA,NA
"232","Grenada","GRD",2010,87.87328,9.348453,NA,NA
"233","Grenada","GRD",2011,NA,10.03014,NA,NA
"234","Grenada","GRD",2012,90.87544,NA,NA,NA
"235","Guam","GUM",2010,55.8,NA,NA,NA
"236","Guam","GUM",2012,59.32891,NA,NA,NA
"237","Guatemala","GTM",2010,78.3,66.58544,32.66036,538.2066
"238","Guatemala","GTM",2011,NA,66.41741,30.92107,530.9889
"239","Guatemala","GTM",2012,78.5,66.21956,30.87616,529.2555
"240","Guinea","GIN",2010,20.2,77.2285,NA,NA
"241","Guinea","GIN",2011,NA,76.32152,NA,NA
"242","Guinea","GIN",2012,26.2,NA,NA,NA
"243","Guinea-Bissau","GNB",2010,57,88.78239,NA,NA
"244","Guinea-Bissau","GNB",2011,NA,88.63361,NA,NA
"245","Guinea-Bissau","GNB",2012,60.60672,NA,NA,NA
"246","Guyana","GUY",2010,77,33.66386,NA,NA
"247","Guyana","GUY",2011,NA,36.10846,NA,NA
"248","Guyana","GUY",2012,79.46677,NA,NA,NA
"249","Haiti","HTI",2010,33.9,79.02484,17.77461,24.40093
"250","Haiti","HTI",2011,NA,79.00565,17.96056,31.14869
"251","Haiti","HTI",2012,37.9,83.09035,18.15744,49.85991
"252","Honduras","HND",2010,80,53.13429,51.18648,684.8462
"253","Honduras","HND",2011,NA,53.9132,51.29615,693.8345
"254","Honduras","HND",2012,82.2,53.38615,51.5903,697.7648
"255","Hong Kong SAR, China","HKG",2010,100,0.8349002,94.16223,5973.492
"256","Hong Kong SAR, China","HKG",2011,NA,1.065134,94.46198,5960.179
"257","Hong Kong SAR, China","HKG",2012,100,1.057314,93.32945,6026.193
"258","Hungary","HUN",2010,100,9.053426,74.26625,3876.491
"259","Hungary","HUN",2011,NA,9.642453,73.3366,3895.213
"260","Hungary","HUN",2012,100,10.1855,71.51699,3918.506
"261","Hungary","HUN",2013,NA,NA,69.49774,NA
"262","Iceland","ISL",2010,100,76.10117,17.50894,51439.91
"263","Iceland","ISL",2011,NA,77.26751,16.16663,52373.88
"264","Iceland","ISL",2012,100,78.13932,10.23082,53202.83
"265","Iceland","ISL",2013,NA,NA,10.95504,NA
"266","India","IND",2010,75,40.62553,72.73244,643.8798
"267","India","IND",2011,NA,39.85413,72.7531,698.4334
"268","India","IND",2012,78.7,38.99062,73.63742,743.7415
"269","Indonesia","IDN",2010,94.2,37.84016,66.68888,636.6873
"270","Indonesia","IDN",2011,NA,38.4508,65.42544,681.1208
"271","Indonesia","IDN",2012,96,37.06285,66.45908,729.8805
"272","Iran, Islamic Rep.","IRN",2010,98.4,0.8951948,99.45351,2642.372
"273","Iran, Islamic Rep.","IRN",2011,NA,0.9115694,99.42835,2661.911
"274","Iran, Islamic Rep.","IRN",2012,100,0.9294971,99.33342,2762.058
"275","Iraq","IRQ",2010,98,1.649293,97.43008,1190.806
"276","Iraq","IRQ",2011,NA,1.323948,97.47844,1340.702
"277","Iraq","IRQ",2012,100,1.586129,97.34038,1473.69
"278","Ireland","IRL",2010,100,5.259109,89.57965,5910.983
"279","Ireland","IRL",2011,NA,7.087414,87.62248,5661.168
"280","Ireland","IRL",2012,100,6.955113,86.3764,5664.832
"281","Ireland","IRL",2013,NA,NA,86.03422,NA
"282","Isle of Man","IMY",2010,100,NA,NA,NA
"283","Isle of Man","IMY",2012,100,NA,NA,NA
"284","Israel","ISR",2010,100,8.503356,96.35191,6953.277
"285","Israel","ISR",2011,NA,9.021752,96.48687,6930.001
"286","Israel","ISR",2012,100,8.678497,96.61953,7188.926
"287","Israel","ISR",2013,NA,NA,96.77099,NA
"288","Italy","ITA",2010,100,10.09366,86.52167,5493.728
"289","Italy","ITA",2011,NA,11.10023,85.07088,5514.837
"290","Italy","ITA",2012,100,12.09202,83.86882,5397.741
"291","Italy","ITA",2013,NA,NA,81.12049,NA
"292","Jamaica","JAM",2010,92,13.70562,82.7754,1270.243
"293","Jamaica","JAM",2011,NA,13.87527,82.60442,1261.187
"294","Jamaica","JAM",2012,92.63344,14.65607,82.19292,1198.018
"295","Japan","JPN",2010,100,4.497485,80.88359,8337.128
"296","Japan","JPN",2011,NA,4.626105,89.71884,7841.303
"297","Japan","JPN",2012,100,4.481487,94.55685,7752.489
"298","Japan","JPN",2013,NA,NA,94.74851,NA
"299","Jordan","JOR",2010,99.4,2.968062,97.34739,2216.341
"300","Jordan","JOR",2011,NA,3.021444,95.99185,2289.435
"301","Jordan","JOR",2012,99.5,3.066919,97.24132,2357.233
"302","Kazakhstan","KAZ",2010,100,1.382363,98.78505,4728.096
"303","Kazakhstan","KAZ",2011,NA,1.3819,98.93383,4892.913
"304","Kazakhstan","KAZ",2012,100,1.358261,98.89124,5084.976
"305","Kenya","KEN",2010,23,76.30922,19.71645,156.7385
"306","Kenya","KEN",2011,NA,77.12051,19.45912,157.2913
"307","Kenya","KEN",2012,23,78.53266,17.74154,159.6973
"308","Kiribati","KIR",2010,55.8,2.711357,NA,NA
"309","Kiribati","KIR",2011,NA,2.894789,NA,NA
"310","Kiribati","KIR",2012,59.32891,NA,NA,NA
"311","Korea, Dem. Rep.","PRK",2010,26,11.75006,88.26569,744.4744
"312","Korea, Dem. Rep.","PRK",2011,NA,15.87886,84.23831,657.1704
"313","Korea, Dem. Rep.","PRK",2012,29.56256,15.98309,84.11959,653.9906
"314","Korea, Rep.","KOR",2010,99.7,1.287782,82.88042,9744.393
"315","Korea, Rep.","KOR",2011,NA,1.32246,82.75536,10161.95
"316","Korea, Rep.","KOR",2012,100,1.598824,83.23183,10345.6
"317","Korea, Rep.","KOR",2013,NA,NA,84.10354,NA
"318","Kosovo","KSV",2010,100,20.94542,88.34098,2649.689
"319","Kosovo","KSV",2011,NA,19.74354,88.62152,2947.028
"320","Kosovo","KSV",2012,100,20.89006,88.59801,2862.841
"321","Kuwait","KWT",2010,94.1,NA,NA,16387.14
"322","Kuwait","KWT",2011,NA,NA,NA,15551.77
"323","Kuwait","KWT",2012,97.69783,NA,NA,15721.81
"324","Kyrgyz Republic","KGZ",2010,100,25.5948,70.51698,1371.721
"325","Kyrgyz Republic","KGZ",2011,NA,25.95074,70.1008,1649.258
"326","Kyrgyz Republic","KGZ",2012,100,22.47594,73.85465,1809.103
"327","Lao PDR","LAO",2010,66,87.47752,NA,NA
"328","Lao PDR","LAO",2011,NA,86.52792,NA,NA
"329","Lao PDR","LAO",2012,70,NA,NA,NA
"330","Latvia","LVA",2010,100,35.26775,63.91688,3229.951
"331","Latvia","LVA",2011,NA,35.53509,62.8939,3264.539
"332","Latvia","LVA",2012,100,40.36647,58.04189,3588.424
"333","Lebanon","LBN",2010,99.9,5.273733,94.976,3478.777
"334","Lebanon","LBN",2011,NA,5.231662,95.52014,3494.707
"335","Lebanon","LBN",2012,100,4.972385,96.37144,3102.419
"336","Lesotho","LSO",2010,17,4.12978,NA,NA
"337","Lesotho","LSO",2011,NA,4.236683,NA,NA
"338","Lesotho","LSO",2012,20.56256,NA,NA,NA
"339","Liberia","LBR",2010,4.1,90.63534,NA,NA
"340","Liberia","LBR",2011,NA,89.39248,NA,NA
"341","Liberia","LBR",2012,9.8,NA,NA,NA
"342","Libya","LBY",2010,100,1.60259,99.23665,4531.978
"343","Libya","LBY",2011,NA,2.256557,98.82277,3807.016
"344","Libya","LBY",2012,100,1.691688,99.00202,4706.844
"345","Liechtenstein","LIE",2010,100,NA,NA,NA
"346","Liechtenstein","LIE",2012,100,NA,NA,NA
"347","Lithuania","LTU",2010,100,21.69427,74.29024,3470.785
"348","Lithuania","LTU",2011,NA,23.09456,73.87595,3529.919
"349","Lithuania","LTU",2012,100,24.27537,72.89957,3607.704
"350","Luxembourg","LUX",2010,100,3.662086,87.94705,16829.96
"351","Luxembourg","LUX",2011,NA,3.719492,86.99973,15586.08
"352","Luxembourg","LUX",2012,100,4.142592,87.21263,14696.41
"353","Luxembourg","LUX",2013,NA,NA,84.77925,NA
"354","Macao SAR, China","MAC",2010,87.54047,0.4467869,NA,NA
"355","Macao SAR, China","MAC",2011,NA,0.1825749,NA,NA
"356","Macao SAR, China","MAC",2012,90.54264,NA,NA,NA
"357","Macedonia, FYR","MKD",2010,99,22.5936,81.14242,3588.463
"358","Macedonia, FYR","MKD",2011,NA,17.82264,82.02482,3895.177
"359","Macedonia, FYR","MKD",2012,100,16.46848,82.43753,3689.707
"360","Madagascar","MDG",2010,14.3,81.85477,NA,NA
"361","Madagascar","MDG",2011,NA,78.85373,NA,NA
"362","Madagascar","MDG",2012,15.4,NA,NA,NA
"363","Malawi","MWI",2010,8.7,78.64652,NA,NA
"364","Malawi","MWI",2011,NA,79.24446,NA,NA
"365","Malawi","MWI",2012,9.8,NA,NA,NA
"366","Malaysia","MYS",2010,99.3,6.043842,94.91399,4158.573
"367","Malaysia","MYS",2011,NA,6.544373,94.84559,4113.818
"368","Malaysia","MYS",2012,100,6.795786,94.7758,4345.471
"369","Maldives","MDV",2010,99.9,3.416971,NA,NA
"370","Maldives","MDV",2011,NA,3.239346,NA,NA
"371","Maldives","MDV",2012,100,NA,NA,NA
"372","Mali","MLI",2010,16.6,83.92455,NA,NA
"373","Mali","MLI",2011,NA,83.87281,NA,NA
"374","Mali","MLI",2012,25.6,NA,NA,NA
"375","Malta","MLT",2010,100,0.7237325,99.65462,4171.21
"376","Malta","MLT",2011,NA,0.9955321,99.54057,4689.287
"377","Malta","MLT",2012,100,2.60527,98.55895,4760.94
"378","Marshall Islands","MHL",2010,55.8,NA,NA,NA
"379","Marshall Islands","MHL",2012,59.32891,NA,NA,NA
"380","Mauritania","MRT",2010,18.2,33.99881,NA,NA
"381","Mauritania","MRT",2011,NA,33.28259,NA,NA
"382","Mauritania","MRT",2012,21.76256,NA,NA,NA
"383","Mauritius","MUS",2010,100,3.823921,81.6563,1995.361
"384","Mauritius","MUS",2011,NA,3.364859,82.43971,2025.704
"385","Mauritius","MUS",2012,100,NA,83.15324,2075.036
"386","Mexico","MEX",2010,99,9.950746,89.26572,1903.985
"387","Mexico","MEX",2011,NA,9.63167,89.19103,2074.244
"388","Mexico","MEX",2012,99.1,9.350894,90.1505,2011.715
"389","Mexico","MEX",2013,NA,NA,89.353,NA
"390","Micronesia, Fed. Sts.","FSM",2010,55.8,NA,NA,NA
"391","Micronesia, Fed. Sts.","FSM",2012,59.32891,NA,NA,NA
"392","Moldova","MDA",2010,98.6,4.161364,93.15207,1722.887
"393","Moldova","MDA",2011,NA,4.384514,94.87987,1470.231
"394","Moldova","MDA",2012,100,4.666816,94.44865,1514.53
"395","Monaco","MCO",2010,100,NA,NA,NA
"396","Monaco","MCO",2012,100,NA,NA,NA
"397","Mongolia","MNG",2010,86.2,3.826545,95.14211,1492.633
"398","Mongolia","MNG",2011,NA,3.543979,95.36001,1495.429
"399","Mongolia","MNG",2012,89.76256,3.216696,95.50759,1597.386
"400","Montenegro","MNE",2010,100,54.52485,60.57509,5419.516
"401","Montenegro","MNE",2011,NA,43.18868,63.04412,5752.493
"402","Montenegro","MNE",2012,100,46.19548,61.18212,5415.718
"403","Morocco","MAR",2010,98.9,13.37637,87.92983,777.0712
"404","Morocco","MAR",2011,NA,11.79897,89.04408,818.5181
"405","Morocco","MAR",2012,100,11.33754,89.33379,875.1769
"406","Mozambique","MOZ",2010,15,89.91209,8.010442,438.5839
"407","Mozambique","MOZ",2011,NA,88.92934,9.108038,439.3027
"408","Mozambique","MOZ",2012,20.2,88.43719,8.362592,444.4111
"409","Myanmar","MMR",2010,48.8,84.95043,21.57526,121.5858
"410","Myanmar","MMR",2011,NA,84.51915,20.98269,151.0204
"411","Myanmar","MMR",2012,52.36256,78.72385,25.3797,152.6535
"412","Namibia","NAM",2010,43.7,32.779,65.9688,1532.155
"413","Namibia","NAM",2011,NA,33.4225,65.38231,1550.781
"414","Namibia","NAM",2012,47.26256,32.94026,65.6889,1590.56
"415","Nepal","NPL",2010,76.3,87.29245,12.59673,103.0663
"416","Nepal","NPL",2011,NA,86.94552,12.98666,115.235
"417","Nepal","NPL",2012,76.3,84.72027,15.17082,119.0887
"418","Netherlands","NLD",2010,100,3.560907,93.8351,7009.524
"419","Netherlands","NLD",2011,NA,4.363888,92.32067,7035.672
"420","Netherlands","NLD",2012,100,4.654838,91.50427,6871.099
"421","Netherlands","NLD",2013,NA,NA,91.76946,NA
"422","New Caledonia","NCL",2010,55.8,3.038817,NA,NA
"423","New Caledonia","NCL",2011,NA,4.005688,NA,NA
"424","New Caledonia","NCL",2012,59.32891,NA,NA,NA
"425","New Zealand","NZL",2010,100,31.34197,60.94156,9601.903
"426","New Zealand","NZL",2011,NA,32.19922,59.53662,9456.204
"427","New Zealand","NZL",2012,100,30.78007,61.75189,9373.426
"428","New Zealand","NZL",2013,NA,NA,61.84074,NA
"429","Nicaragua","NIC",2010,73,51.88909,46.91236,514.1413
"430","Nicaragua","NIC",2011,NA,51.49445,48.61373,537.0376
"431","Nicaragua","NIC",2012,77.9,53.1204,43.67872,579.544
"432","Niger","NER",2010,9.3,80.13899,NA,NA
"433","Niger","NER",2011,NA,81.27495,NA,NA
"434","Niger","NER",2012,14.4,NA,NA,NA
"435","Nigeria","NGA",2010,48,86.79206,18.01492,135.6377
"436","Nigeria","NGA",2011,NA,86.16955,18.98566,149.3125
"437","Nigeria","NGA",2012,55.6,86.4723,18.77409,155.8544
"438","Norway","NOR",2010,100,56.33486,61.22082,24890.92
"439","Norway","NOR",2011,NA,56.61919,57.29212,23510.38
"440","Norway","NOR",2012,100,58.01795,57.05055,23657.72
"441","Norway","NOR",2013,NA,NA,62.02618,NA
"442","Oman","OMN",2010,94.1,NA,100,5704.295
"443","Oman","OMN",2011,NA,NA,100,5928.966
"444","Oman","OMN",2012,97.69783,NA,NA,6094.733
"445","Pacific island small states","PSS",2010,48.94351,22.41796,NA,NA
"446","Pacific island small states","PSS",2011,NA,22.64368,NA,NA
"447","Pacific island small states","PSS",2012,51.94413,NA,NA,NA
"448","Pakistan","PAK",2010,91.4,45.81274,61.4366,466.5736
"449","Pakistan","PAK",2011,NA,45.12953,60.84379,456.6716
"450","Pakistan","PAK",2012,93.6,45.48766,60.71858,451.6995
"451","Palau","PLW",2010,55.8,2.765314,NA,NA
"452","Palau","PLW",2011,NA,2.679024,NA,NA
"453","Palau","PLW",2012,59.32891,NA,NA,NA
"454","Panama","PAN",2010,87.87328,24.09386,77.20362,1759.699
"455","Panama","PAN",2011,NA,22.20927,79.70988,1857.968
"456","Panama","PAN",2012,90.87544,22.86484,78.30763,1973.684
"457","Papua New Guinea","PNG",2010,14.5,54.06142,NA,NA
"458","Papua New Guinea","PNG",2011,NA,53.40692,NA,NA
"459","Papua New Guinea","PNG",2012,18.10671,NA,NA,NA
"460","Paraguay","PRY",2010,97,64.24937,32.56128,1178.606
"461","Paraguay","PRY",2011,NA,63.11144,33.63684,1282.698
"462","Paraguay","PRY",2012,98.2,62.67751,33.81783,1367.891
"463","Peru","PER",2010,85,30.7313,74.70425,1094.314
"464","Peru","PER",2011,NA,29.54726,75.91993,1241.671
"465","Peru","PER",2012,91.2,28.24988,77.71049,1211.323
"466","Philippines","PHL",2010,83.3,28.81186,60.21025,644.2681
"467","Philippines","PHL",2011,NA,29.41056,59.66229,650.7428
"468","Philippines","PHL",2012,87.5,29.40278,60.73414,672.3891
"469","Poland","POL",2010,100,9.495261,92.28385,3797.092
"470","Poland","POL",2011,NA,10.57978,91.97631,3879.542
"471","Poland","POL",2012,100,11.08414,90.81932,3899.177
"472","Poland","POL",2013,NA,NA,91.30371,NA
"473","Portugal","PRT",2010,100,27.82199,75.12697,4959.094
"474","Portugal","PRT",2011,NA,27.1625,75.70243,4848.279
"475","Portugal","PRT",2012,100,25.56425,75.17351,4736.352
"476","Portugal","PRT",2013,NA,NA,74.11837,NA
"477","Puerto Rico","PRI",2010,87.87328,0.6882609,NA,NA
"478","Puerto Rico","PRI",2011,NA,1.000117,NA,NA
"479","Puerto Rico","PRI",2012,90.87544,NA,NA,NA
"480","Qatar","QAT",2010,94.1,NA,NA,14940.13
"481","Qatar","QAT",2011,NA,NA,100,15800.05
"482","Qatar","QAT",2012,97.69783,NA,NA,16183.08
"483","Romania","ROM",2010,100,24.09571,75.07245,2550.863
"484","Romania","ROM",2011,NA,21.11273,77.64185,2639.033
"485","Romania","ROM",2012,100,21.67883,76.44447,2604.243
"486","Russian Federation","RUS",2010,100,3.342707,90.73365,6409.895
"487","Russian Federation","RUS",2011,NA,3.227757,91.1131,6485.761
"488","Russian Federation","RUS",2012,100,3.245003,91.06704,6617.136
"489","Rwanda","RWA",2010,10.8,90.65596,NA,NA
"490","Rwanda","RWA",2011,NA,86.75162,NA,NA
"491","Rwanda","RWA",2012,18,NA,NA,NA
"492","Samoa","WSM",2010,99.6,26.45782,NA,NA
"493","Samoa","WSM",2011,NA,23.15207,NA,NA
"494","Samoa","WSM",2012,100,NA,NA,NA
"495","San Marino","SMR",2010,100,NA,NA,NA
"496","San Marino","SMR",2012,100,NA,NA,NA
"497","Sao Tome and Principe","STP",2010,56.9,43.75955,NA,NA
"498","Sao Tome and Principe","STP",2011,NA,43.21514,NA,NA
"499","Sao Tome and Principe","STP",2012,60.46256,NA,NA,NA
"500","Saudi Arabia","SAU",2010,94.1,0.008263937,99.99677,7784.762
"501","Saudi Arabia","SAU",2011,NA,0.009115813,99.99623,7870.139
"502","Saudi Arabia","SAU",2012,97.69783,0.008575383,99.9966,8404.516
"503","Senegal","SEN",2010,56.5,51.17017,44.9127,198.5059
"504","Senegal","SEN",2011,NA,49.5687,46.33197,198.847
"505","Senegal","SEN",2012,56.5,51.36473,44.60669,209.5775
"506","Serbia","SRB",2010,100,20.70967,86.88537,4358.812
"507","Serbia","SRB",2011,NA,17.67215,89.08806,4489.571
"508","Serbia","SRB",2012,100,19.60943,87.13819,4386.535
"509","Seychelles","SYC",2010,100,0.4043736,NA,NA
"510","Seychelles","SYC",2011,NA,0.5079423,NA,NA
"511","Seychelles","SYC",2012,100,NA,NA,NA
"512","Sierra Leone","SLE",2010,12.1,84.17509,NA,NA
"513","Sierra Leone","SLE",2011,NA,80.34598,NA,NA
"514","Sierra Leone","SLE",2012,14.2,NA,NA,NA
"515","Singapore","SGP",2010,100,0.4763218,97.68717,8686.351
"516","Singapore","SGP",2011,NA,0.4902603,97.66643,8657.137
"517","Singapore","SGP",2012,100,0.5176081,97.59185,8689.669
"518","Slovak Republic","SVK",2010,100,10.27965,70.23777,5201.405
"519","Slovak Republic","SVK",2011,NA,10.35755,68.51136,5347.526
"520","Slovak Republic","SVK",2012,100,10.48084,66.81359,5137.789
"521","Slovak Republic","SVK",2013,NA,NA,66.86808,NA
"522","Slovenia","SVN",2010,100,18.05106,67.54325,6521.093
"523","Slovenia","SVN",2011,NA,17.71991,65.30449,6806.171
"524","Slovenia","SVN",2012,100,19.32173,65.2156,6777.794
"525","Slovenia","SVN",2013,NA,NA,62.69892,NA
"526","Solomon Islands","SLB",2010,19.2,67.41278,NA,NA
"527","Solomon Islands","SLB",2011,NA,67.185,NA,NA
"528","Solomon Islands","SLB",2012,22.80671,NA,NA,NA
"529","Somalia","SOM",2010,29.1,93.57101,NA,NA
"530","Somalia","SOM",2011,NA,94.19527,NA,NA
"531","Somalia","SOM",2012,32.70795,NA,NA,NA
"532","South Africa","ZAF",2010,82.7,16.8822,87.51444,4580.621
"533","South Africa","ZAF",2011,NA,17.10915,87.0859,4606.207
"534","South Africa","ZAF",2012,85.4,16.93381,86.96635,4404.5
"535","South Sudan","SSD",2010,1.5,NA,NA,NA
"536","South Sudan","SSD",2012,5.062558,NA,NA,NA
"537","Spain","ESP",2010,100,14.40339,76.07919,5706.563
"538","Spain","ESP",2011,NA,14.74977,76.58021,5599.377
"539","Spain","ESP",2012,100,15.74528,75.02599,5573.401
"540","Spain","ESP",2013,NA,NA,73.25192,NA
"541","Sri Lanka","LKA",2010,85.1,62.04059,42.85799,450.9756
"542","Sri Lanka","LKA",2011,NA,59.46253,48.20555,490.8237
"543","Sri Lanka","LKA",2012,88.66256,60.85868,47.37521,526.8103
"544","St. Kitts and Nevis","KNA",2010,87.87328,NA,NA,NA
"545","St. Kitts and Nevis","KNA",2012,90.87544,NA,NA,NA
"546","St. Lucia","LCA",2010,87.87328,2.354886,NA,NA
"547","St. Lucia","LCA",2011,NA,2.306924,NA,NA
"548","St. Lucia","LCA",2012,90.87544,NA,NA,NA
"549","St. Martin (French part)","MAF",2010,87.87328,NA,NA,NA
"550","St. Martin (French part)","MAF",2012,90.87544,NA,NA,NA
"551","St. Vincent and the Grenadines","VCT",2010,75.07795,5.235865,NA,NA
"552","St. Vincent and the Grenadines","VCT",2011,NA,5.134517,NA,NA
"553","St. Vincent and the Grenadines","VCT",2012,75.90575,NA,NA,NA
"554","Sudan","SDN",2010,29,61.43932,30.9993,131.0553
"555","Sudan","SDN",2011,NA,63.99274,29.60298,141.6453
"556","Sudan","SDN",2012,32.56256,63.96786,28.24925,156.9423
"557","Suriname","SUR",2010,100,16.76414,NA,NA
"558","Suriname","SUR",2011,NA,19.40735,NA,NA
"559","Suriname","SUR",2012,100,NA,NA,NA
"560","Swaziland","SWZ",2010,35.2,39.40409,NA,NA
"561","Swaziland","SWZ",2011,NA,39.4686,NA,NA
"562","Swaziland","SWZ",2012,42,NA,NA,NA
"563","Sweden","SWE",2010,100,45.97781,34.42325,14934.33
"564","Sweden","SWE",2011,NA,46.54414,34.21419,14030.16
"565","Sweden","SWE",2012,100,49.91317,30.99916,14289.6
"566","Sweden","SWE",2013,NA,NA,31.13703,NA
"567","Switzerland","CHE",2010,100,21.20091,51.5656,8174.536
"568","Switzerland","CHE",2011,NA,21.31071,50.41468,7928.317
"569","Switzerland","CHE",2012,100,22.68295,50.93289,7886.094
"570","Switzerland","CHE",2013,NA,NA,52.1257,NA
"571","Syrian Arab Republic","SYR",2010,92.7,1.39729,99.08059,1880.109
"572","Syrian Arab Republic","SYR",2011,NA,1.87324,98.67909,1674.061
"573","Syrian Arab Republic","SYR",2012,96.26256,2.374994,98.10154,1221.721
"574","Tajikistan","TJK",2010,100,62.09949,34.60581,1879.659
"575","Tajikistan","TJK",2011,NA,60.25281,36.25453,1798.057
"576","Tajikistan","TJK",2012,100,57.97308,38.3841,1748.597
"577","Tanzania","TZA",2010,14.8,90.07914,10.84046,91.96354
"578","Tanzania","TZA",2011,NA,89.58421,12.17916,87.85519
"579","Tanzania","TZA",2012,15.3,88.17352,13.87717,98.83708
"580","Thailand","THA",2010,99.7,22.79754,79.9258,2325.151
"581","Thailand","THA",2011,NA,22.27236,80.43589,2304.681
"582","Thailand","THA",2012,100,23.02306,80.30322,2464.679
"583","Timor-Leste","TMP",2010,38,NA,NA,NA
"584","Timor-Leste","TMP",2012,41.56256,NA,NA,NA
"585","Togo","TGO",2010,27.9,65.84271,22.03571,124.7095
"586","Togo","TGO",2011,NA,69.12701,19.90909,135.3908
"587","Togo","TGO",2012,31.46256,72.71049,17.2181,144.9838
"588","Tonga","TON",2010,92.3,1.00787,NA,NA
"589","Tonga","TON",2011,NA,1.12682,NA,NA
"590","Tonga","TON",2012,95.86256,NA,NA,NA
"591","Trinidad and Tobago","TTO",2010,99,0.3361685,99.92964,6189.316
"592","Trinidad and Tobago","TTO",2011,NA,0.3604339,99.92919,6389.769
"593","Trinidad and Tobago","TTO",2012,99.8278,0.3241661,99.92797,6628.756
"594","Tunisia","TUN",2010,99.5,14.26506,86.57641,1406.927
"595","Tunisia","TUN",2011,NA,13.35062,87.90382,1335.513
"596","Tunisia","TUN",2012,100,13.04791,88.14852,1411.088
"597","Turkey","TUR",2010,100,14.35194,88.98584,2492.2
"598","Turkey","TUR",2011,NA,12.79332,89.8978,2704.053
"599","Turkey","TUR",2012,100,12.83503,89.36286,2789.664
"600","Turkey","TUR",2013,NA,NA,87.93861,NA
"601","Turkmenistan","TKM",2010,100,NA,NA,2403.414
"602","Turkmenistan","TKM",2011,NA,NA,NA,2443.862
"603","Turkmenistan","TKM",2012,100,NA,NA,2476.154
"604","Turks and Caicos Islands","TCA",2010,87.87328,0.5179989,NA,NA
"605","Turks and Caicos Islands","TCA",2011,NA,0.5321654,NA,NA
"606","Turks and Caicos Islands","TCA",2012,90.87544,NA,NA,NA
"607","Tuvalu","TUV",2010,41,NA,NA,NA
"608","Tuvalu","TUV",2012,44.56256,NA,NA,NA
"609","Uganda","UGA",2010,14.6,91.09553,NA,NA
"610","Uganda","UGA",2011,NA,90.33368,NA,NA
"611","Uganda","UGA",2012,18.16256,NA,NA,NA
"612","Ukraine","UKR",2010,99.8,2.880565,80.44958,3549.848
"613","Ukraine","UKR",2011,NA,2.73301,79.55725,3662.443
"614","Ukraine","UKR",2012,100,2.833571,79.28278,3640.557
"615","United Arab Emirates","ARE",2010,94.1,0.1398008,99.90352,10890.87
"616","United Arab Emirates","ARE",2011,NA,0.1419174,99.89937,10536.8
"617","United Arab Emirates","ARE",2012,97.69783,0.133041,99.90525,10462.61
"618","United Kingdom","GBR",2010,100,3.231318,88.27335,5700.808
"619","United Kingdom","GBR",2011,NA,4.107319,85.61935,5472.604
"620","United Kingdom","GBR",2012,100,4.350696,85.15753,5452.031
"621","United Kingdom","GBR",2013,NA,NA,84.21871,NA
"622","United States","USA",2010,100,7.478928,84.1445,13394.01
"623","United States","USA",2011,NA,8.185443,83.68644,13240.36
"624","United States","USA",2012,100,7.918396,83.70898,12954.15
"625","United States","USA",2013,NA,NA,83.57217,NA
"626","Uruguay","URY",2010,99,52.54295,50.11047,2803.153
"627","Uruguay","URY",2011,NA,48.59397,56.15451,2808.357
"628","Uruguay","URY",2012,99.5,46.37426,58.71622,2931.918
"629","Uzbekistan","UZB",2010,100,2.636335,97.84427,1647.831
"630","Uzbekistan","UZB",2011,NA,2.240147,98.14338,1625.971
"631","Uzbekistan","UZB",2012,100,2.373916,98.01141,1605.333
"632","Vanuatu","VUT",2010,23.5,39.14079,NA,NA
"633","Vanuatu","VUT",2011,NA,34.1809,NA,NA
"634","Vanuatu","VUT",2012,27.07681,NA,NA,NA
"635","Venezuela, RB","VEN",2010,100,10.32401,90.2021,3293.242
"636","Venezuela, RB","VEN",2011,NA,12.35626,88.69583,3336.15
"637","Venezuela, RB","VEN",2012,100,11.19754,89.7246,3412.681
"638","Vietnam","VNM",2010,96,34.7959,70.32818,1034.607
"639","Vietnam","VNM",2011,NA,35.52947,69.51684,1099.01
"640","Vietnam","VNM",2012,99,35.57924,69.4619,1272.539
"641","Virgin Islands (U.S.)","VIR",2010,87.87328,NA,NA,NA
"642","Virgin Islands (U.S.)","VIR",2012,90.87544,NA,NA,NA
"643","Yemen, Rep.","YEM",2010,44.8,0.8364043,98.797,250.1275
"644","Yemen, Rep.","YEM",2011,NA,0.9886307,98.51511,186.0537
"645","Yemen, Rep.","YEM",2012,48.40671,1.000756,98.47997,170.0774
"646","Zambia","ZMB",2010,18.5,91.80098,7.542276,578.914
"647","Zambia","ZMB",2011,NA,90.45502,8.602804,570.2921
"648","Zambia","ZMB",2012,22.06256,88.15213,10.41109,571.2612
"649","Zimbabwe","ZWE",2010,36.9,77.79536,26.69081,551.1705
"650","Zimbabwe","ZWE",2011,NA,75.774,28.37219,589.032
"651","Zimbabwe","ZWE",2012,40.46256,75.60253,28.94682,561.8077
