"","CountryName","CountryCode","Year","SL.FAM.0714.ZS","SL.UEM.NEET.ZS","SP.DYN.IMRT.IN"
"1","Afghanistan","AFG",2010,NA,NA,75.1
"2","Afghanistan","AFG",2011,61.67,NA,73.4
"3","Afghanistan","AFG",2012,NA,NA,71.7
"4","Afghanistan","AFG",2013,NA,NA,69.9
"5","Afghanistan","AFG",2014,NA,NA,68.1
"6","Afghanistan","AFG",2015,NA,NA,66.3
"7","Albania","ALB",2010,94.28,NA,14.8
"8","Albania","ALB",2011,NA,30.01,14.3
"9","Albania","ALB",2012,NA,26.8,13.8
"10","Albania","ALB",2013,NA,30.54,13.3
"11","Albania","ALB",2014,NA,NA,12.9
"12","Albania","ALB",2015,NA,NA,12.5
"13","Algeria","DZA",2010,NA,24.53,23.5
"14","Algeria","DZA",2011,NA,NA,22.8
"15","Algeria","DZA",2012,NA,NA,22.4
"16","Algeria","DZA",2013,NA,21.5,22.1
"17","Algeria","DZA",2014,NA,22.8,22
"18","Algeria","DZA",2015,NA,NA,21.9
"19","Andorra","ADO",2010,NA,NA,2.5
"20","Andorra","ADO",2011,NA,NA,2.4
"21","Andorra","ADO",2012,NA,NA,2.3
"22","Andorra","ADO",2013,NA,NA,2.2
"23","Andorra","ADO",2014,NA,NA,2.1
"24","Andorra","ADO",2015,NA,NA,2.1
"25","Angola","AGO",2010,NA,NA,109.6
"26","Angola","AGO",2011,NA,NA,106.8
"27","Angola","AGO",2012,NA,NA,104.1
"28","Angola","AGO",2013,NA,NA,101.4
"29","Angola","AGO",2014,NA,NA,98.8
"30","Angola","AGO",2015,NA,NA,96
"31","Antigua and Barbuda","ATG",2010,NA,NA,7.7
"32","Antigua and Barbuda","ATG",2011,NA,NA,7.2
"33","Antigua and Barbuda","ATG",2012,NA,NA,6.8
"34","Antigua and Barbuda","ATG",2013,NA,NA,6.4
"35","Antigua and Barbuda","ATG",2014,NA,NA,6.1
"36","Antigua and Barbuda","ATG",2015,NA,NA,5.8
"37","Argentina","ARG",2010,NA,20.45,13
"38","Argentina","ARG",2011,NA,18.82,12.7
"39","Argentina","ARG",2012,88.94,18.6,12.3
"40","Argentina","ARG",2013,NA,NA,11.9
"41","Argentina","ARG",2014,NA,NA,11.5
"42","Argentina","ARG",2015,NA,NA,11.1
"43","Armenia","ARM",2010,97.53,NA,16.1
"44","Armenia","ARM",2011,NA,42.1,15.3
"45","Armenia","ARM",2012,NA,39.99,14.6
"46","Armenia","ARM",2013,NA,40.9,13.8
"47","Armenia","ARM",2014,NA,NA,13.2
"48","Armenia","ARM",2015,NA,NA,12.6
"49","Aruba","ABW",2010,NA,16.56,NA
"50","Australia","AUS",2010,NA,9.7,4.1
"51","Australia","AUS",2011,NA,9.85,3.8
"52","Australia","AUS",2012,NA,9.84,3.6
"53","Australia","AUS",2013,NA,NA,3.4
"54","Australia","AUS",2014,NA,NA,3.2
"55","Australia","AUS",2015,NA,NA,3
"56","Austria","AUT",2010,NA,7.42,3.6
"57","Austria","AUT",2011,NA,7.28,3.4
"58","Austria","AUT",2012,NA,6.8,3.3
"59","Austria","AUT",2013,NA,7.33,3.2
"60","Austria","AUT",2014,NA,7.7,3
"61","Austria","AUT",2015,NA,NA,2.9
"62","Azerbaijan","AZE",2010,NA,NA,33.9
"63","Azerbaijan","AZE",2011,NA,NA,32.5
"64","Azerbaijan","AZE",2012,NA,NA,31.2
"65","Azerbaijan","AZE",2013,NA,NA,30
"66","Azerbaijan","AZE",2014,NA,NA,28.9
"67","Azerbaijan","AZE",2015,NA,NA,27.9
"68","Bahamas, The","BHS",2010,NA,NA,11.4
"69","Bahamas, The","BHS",2011,NA,NA,11.1
"70","Bahamas, The","BHS",2012,NA,NA,10.9
"71","Bahamas, The","BHS",2013,NA,NA,10.5
"72","Bahamas, The","BHS",2014,NA,NA,10.2
"73","Bahamas, The","BHS",2015,NA,NA,9.9
"74","Bahrain","BHR",2010,NA,NA,7.1
"75","Bahrain","BHR",2011,NA,NA,6.7
"76","Bahrain","BHR",2012,NA,NA,6.3
"77","Bahrain","BHR",2013,NA,NA,5.9
"78","Bahrain","BHR",2014,NA,NA,5.6
"79","Bahrain","BHR",2015,NA,NA,5.3
"80","Bangladesh","BGD",2010,NA,NA,39.2
"81","Bangladesh","BGD",2011,NA,NA,37.2
"82","Bangladesh","BGD",2012,NA,NA,35.3
"83","Bangladesh","BGD",2013,NA,40.3,33.5
"84","Bangladesh","BGD",2014,NA,NA,32.1
"85","Bangladesh","BGD",2015,NA,NA,30.7
"86","Barbados","BRB",2010,NA,NA,13.6
"87","Barbados","BRB",2011,NA,NA,13.3
"88","Barbados","BRB",2012,NA,NA,13
"89","Barbados","BRB",2013,NA,NA,12.7
"90","Barbados","BRB",2014,NA,NA,12.3
"91","Barbados","BRB",2015,NA,NA,12
"92","Belarus","BLR",2010,NA,NA,4.7
"93","Belarus","BLR",2011,NA,NA,4.3
"94","Belarus","BLR",2012,82.4,NA,4
"95","Belarus","BLR",2013,NA,NA,3.8
"96","Belarus","BLR",2014,NA,NA,3.5
"97","Belarus","BLR",2015,NA,NA,3.4
"98","Belgium","BEL",2010,NA,10.86,3.6
"99","Belgium","BEL",2011,NA,11.81,3.5
"100","Belgium","BEL",2012,NA,12.34,3.5
"101","Belgium","BEL",2013,NA,12.68,3.4
"102","Belgium","BEL",2014,NA,12.05,3.4
"103","Belgium","BEL",2015,NA,NA,3.3
"104","Belize","BLZ",2010,NA,NA,16.3
"105","Belize","BLZ",2011,NA,NA,15.9
"106","Belize","BLZ",2012,NA,27.87,15.5
"107","Belize","BLZ",2013,NA,NA,15.1
"108","Belize","BLZ",2014,NA,NA,14.6
"109","Belize","BLZ",2015,NA,NA,14.2
"110","Benin","BEN",2010,NA,3.51,71
"111","Benin","BEN",2011,NA,NA,69.8
"112","Benin","BEN",2012,80.48,20,68.5
"113","Benin","BEN",2013,NA,NA,67.2
"114","Benin","BEN",2014,NA,NA,65.7
"115","Benin","BEN",2015,NA,NA,64.2
"116","Bermuda","BMU",2010,NA,6.79,NA
"117","Bhutan","BTN",2010,NA,NA,34.1
"118","Bhutan","BTN",2011,NA,NA,32.3
"119","Bhutan","BTN",2012,NA,NA,30.8
"120","Bhutan","BTN",2013,NA,NA,29.5
"121","Bhutan","BTN",2014,NA,NA,28.3
"122","Bhutan","BTN",2015,NA,NA,27.2
"123","Bolivia","BOL",2010,NA,NA,36.8
"124","Bolivia","BOL",2011,NA,NA,35.3
"125","Bolivia","BOL",2012,NA,NA,34
"126","Bolivia","BOL",2013,NA,NA,32.8
"127","Bolivia","BOL",2014,NA,NA,31.7
"128","Bolivia","BOL",2015,NA,NA,30.6
"129","Bosnia and Herzegovina","BIH",2010,NA,NA,6.4
"130","Bosnia and Herzegovina","BIH",2011,NA,NA,6.2
"131","Bosnia and Herzegovina","BIH",2012,NA,NA,5.9
"132","Bosnia and Herzegovina","BIH",2013,NA,NA,5.6
"133","Bosnia and Herzegovina","BIH",2014,NA,NA,5.4
"134","Bosnia and Herzegovina","BIH",2015,NA,NA,5.1
"135","Botswana","BWA",2010,NA,NA,39.8
"136","Botswana","BWA",2011,NA,NA,39.9
"137","Botswana","BWA",2012,NA,NA,38.2
"138","Botswana","BWA",2013,NA,NA,36.4
"139","Botswana","BWA",2014,NA,NA,35.6
"140","Botswana","BWA",2015,NA,NA,34.8
"141","Brazil","BRA",2010,NA,NA,14.8
"142","Brazil","BRA",2011,65.7,19.03,14.4
"143","Brazil","BRA",2012,NA,18.93,14.3
"144","Brazil","BRA",2013,NA,19.62,14.3
"145","Brazil","BRA",2014,NA,NA,14.4
"146","Brazil","BRA",2015,NA,NA,14.6
"147","Brunei Darussalam","BRN",2010,NA,NA,7.7
"148","Brunei Darussalam","BRN",2011,NA,NA,7.8
"149","Brunei Darussalam","BRN",2012,NA,NA,8.1
"150","Brunei Darussalam","BRN",2013,NA,NA,8.3
"151","Brunei Darussalam","BRN",2014,NA,NA,8.5
"152","Brunei Darussalam","BRN",2015,NA,NA,8.6
"153","Bulgaria","BGR",2010,NA,21.82,11.2
"154","Bulgaria","BGR",2011,NA,21.81,10.9
"155","Bulgaria","BGR",2012,NA,21.53,10.5
"156","Bulgaria","BGR",2013,NA,21.6,10.1
"157","Bulgaria","BGR",2014,NA,20.24,9.7
"158","Bulgaria","BGR",2015,NA,NA,9.3
"159","Burkina Faso","BFA",2010,89.84,NA,69.7
"160","Burkina Faso","BFA",2011,NA,NA,67.3
"161","Burkina Faso","BFA",2012,NA,NA,65.4
"162","Burkina Faso","BFA",2013,NA,NA,63.7
"163","Burkina Faso","BFA",2014,NA,NA,62.2
"164","Burkina Faso","BFA",2015,NA,NA,60.9
"165","Burundi","BDI",2010,85.34,NA,63.8
"166","Burundi","BDI",2011,NA,NA,61.6
"167","Burundi","BDI",2012,NA,NA,59.5
"168","Burundi","BDI",2013,NA,NA,57.6
"169","Burundi","BDI",2014,NA,NA,55.8
"170","Burundi","BDI",2015,NA,NA,54.1
"171","Cabo Verde","CPV",2010,NA,NA,23.3
"172","Cabo Verde","CPV",2011,NA,NA,22.9
"173","Cabo Verde","CPV",2012,NA,NA,22.4
"174","Cabo Verde","CPV",2013,NA,NA,21.9
"175","Cabo Verde","CPV",2014,NA,NA,21.3
"176","Cabo Verde","CPV",2015,NA,NA,20.7
"177","Cambodia","KHM",2010,NA,NA,36.7
"178","Cambodia","KHM",2011,NA,NA,33.6
"179","Cambodia","KHM",2012,77.12,7.8,30.7
"180","Cambodia","KHM",2013,NA,NA,28.3
"181","Cambodia","KHM",2014,NA,NA,26.3
"182","Cambodia","KHM",2015,NA,NA,24.6
"183","Cameroon","CMR",2010,NA,10.79,66.2
"184","Cameroon","CMR",2011,68.3,NA,64.4
"185","Cameroon","CMR",2012,NA,NA,62.4
"186","Cameroon","CMR",2013,NA,NA,60.4
"187","Cameroon","CMR",2014,NA,NA,58.6
"188","Cameroon","CMR",2015,NA,NA,57.1
"189","Canada","CAN",2010,NA,14.14,4.9
"190","Canada","CAN",2011,NA,13.62,4.7
"191","Canada","CAN",2012,NA,13.64,4.7
"192","Canada","CAN",2013,NA,13.29,4.6
"193","Canada","CAN",2014,NA,NA,4.4
"194","Canada","CAN",2015,NA,NA,4.3
"195","Caribbean small states","CSS",2010,NA,NA,18.79683
"196","Caribbean small states","CSS",2011,NA,NA,18.39803
"197","Caribbean small states","CSS",2012,NA,NA,18.02054
"198","Caribbean small states","CSS",2013,NA,NA,17.61876
"199","Caribbean small states","CSS",2014,NA,NA,17.17307
"200","Caribbean small states","CSS",2015,NA,NA,16.76787
"201","Central African Republic","CAF",2010,81.63,NA,101.7
"202","Central African Republic","CAF",2011,NA,NA,99.7
"203","Central African Republic","CAF",2012,NA,NA,97.7
"204","Central African Republic","CAF",2013,NA,NA,96.1
"205","Central African Republic","CAF",2014,NA,NA,93.5
"206","Central African Republic","CAF",2015,NA,NA,91.5
"207","Chad","TCD",2010,63.62,NA,93.6
"208","Chad","TCD",2011,NA,NA,91.9
"209","Chad","TCD",2012,NA,NA,90.2
"210","Chad","TCD",2013,NA,NA,88.4
"211","Chad","TCD",2014,NA,NA,86.7
"212","Chad","TCD",2015,NA,NA,85
"213","Chile","CHL",2010,NA,11.79,7.6
"214","Chile","CHL",2011,NA,NA,7.5
"215","Chile","CHL",2012,NA,NA,7.4
"216","Chile","CHL",2013,NA,NA,7.3
"217","Chile","CHL",2014,NA,NA,7.2
"218","Chile","CHL",2015,NA,NA,7
"219","China","CHN",2010,NA,NA,13.5
"220","China","CHN",2011,NA,NA,12.5
"221","China","CHN",2012,NA,NA,11.5
"222","China","CHN",2013,NA,NA,10.6
"223","China","CHN",2014,NA,NA,9.8
"224","China","CHN",2015,NA,NA,9.2
"225","Colombia","COL",2010,NA,23.87,15.9
"226","Colombia","COL",2011,NA,23.11,15.4
"227","Colombia","COL",2012,58.52,22.64,14.9
"228","Colombia","COL",2013,NA,22.01,14.5
"229","Colombia","COL",2014,NA,NA,14.1
"230","Colombia","COL",2015,NA,NA,13.6
"231","Comoros","COM",2010,NA,NA,63.1
"232","Comoros","COM",2011,NA,NA,61.3
"233","Comoros","COM",2012,NA,NA,59.8
"234","Comoros","COM",2013,NA,NA,58.2
"235","Comoros","COM",2014,NA,NA,56.6
"236","Comoros","COM",2015,NA,NA,55.1
"237","Congo, Dem. Rep.","ZAR",2010,80.2,NA,84.8
"238","Congo, Dem. Rep.","ZAR",2011,NA,NA,82.6
"239","Congo, Dem. Rep.","ZAR",2012,NA,NA,80.5
"240","Congo, Dem. Rep.","ZAR",2013,NA,NA,78.3
"241","Congo, Dem. Rep.","ZAR",2014,NA,NA,76.5
"242","Congo, Dem. Rep.","ZAR",2015,NA,NA,74.5
"243","Congo, Rep.","COG",2010,NA,NA,42.2
"244","Congo, Rep.","COG",2011,NA,NA,39.6
"245","Congo, Rep.","COG",2012,78.45,NA,37.6
"246","Congo, Rep.","COG",2013,NA,NA,35.9
"247","Congo, Rep.","COG",2014,NA,NA,34.4
"248","Congo, Rep.","COG",2015,NA,NA,33.2
"249","Costa Rica","CRI",2010,NA,19.45,8.9
"250","Costa Rica","CRI",2011,76.3,17.43,8.8
"251","Costa Rica","CRI",2012,NA,17.81,8.8
"252","Costa Rica","CRI",2013,NA,NA,8.7
"253","Costa Rica","CRI",2014,NA,NA,8.6
"254","Costa Rica","CRI",2015,NA,NA,8.5
"255","Cote d'Ivoire","CIV",2010,NA,NA,76.9
"256","Cote d'Ivoire","CIV",2011,NA,NA,75
"257","Cote d'Ivoire","CIV",2012,85.56,NA,72.8
"258","Cote d'Ivoire","CIV",2013,NA,NA,70.6
"259","Cote d'Ivoire","CIV",2014,NA,NA,68.5
"260","Cote d'Ivoire","CIV",2015,NA,NA,66.6
"261","Croatia","HRV",2010,NA,15.67,4.6
"262","Croatia","HRV",2011,NA,16.22,4.3
"263","Croatia","HRV",2012,NA,16.59,4.1
"264","Croatia","HRV",2013,NA,19.63,4
"265","Croatia","HRV",2014,NA,19.33,3.8
"266","Croatia","HRV",2015,NA,NA,3.6
"267","Cuba","CUB",2010,NA,NA,4.9
"268","Cuba","CUB",2011,NA,NA,4.8
"269","Cuba","CUB",2012,NA,NA,4.6
"270","Cuba","CUB",2013,NA,NA,4.4
"271","Cuba","CUB",2014,NA,NA,4.1
"272","Cuba","CUB",2015,NA,NA,4
"273","Cyprus","CYP",2010,NA,11.68,3
"274","Cyprus","CYP",2011,NA,14.64,2.9
"275","Cyprus","CYP",2012,NA,15.98,2.8
"276","Cyprus","CYP",2013,NA,18.67,2.7
"277","Cyprus","CYP",2014,NA,17.01,2.6
"278","Cyprus","CYP",2015,NA,NA,2.5
"279","Czech Republic","CZE",2010,NA,8.83,3.4
"280","Czech Republic","CZE",2011,NA,8.28,3.2
"281","Czech Republic","CZE",2012,NA,8.89,3.2
"282","Czech Republic","CZE",2013,NA,9.13,3
"283","Czech Republic","CZE",2014,NA,8.11,2.9
"284","Czech Republic","CZE",2015,NA,NA,2.8
"285","Denmark","DNK",2010,NA,6.04,3.3
"286","Denmark","DNK",2011,NA,6.25,3.2
"287","Denmark","DNK",2012,NA,6.63,3.2
"288","Denmark","DNK",2013,NA,6.03,3.1
"289","Denmark","DNK",2014,NA,5.78,3
"290","Denmark","DNK",2015,NA,NA,2.9
"291","Djibouti","DJI",2010,NA,NA,62.2
"292","Djibouti","DJI",2011,NA,NA,60.5
"293","Djibouti","DJI",2012,NA,NA,58.9
"294","Djibouti","DJI",2013,NA,NA,57.4
"295","Djibouti","DJI",2014,NA,NA,55.8
"296","Djibouti","DJI",2015,NA,NA,54.2
"297","Dominica","DMA",2010,NA,NA,17.2
"298","Dominica","DMA",2011,NA,NA,17.9
"299","Dominica","DMA",2012,NA,NA,18.7
"300","Dominica","DMA",2013,NA,NA,19.3
"301","Dominica","DMA",2014,NA,NA,19.5
"302","Dominica","DMA",2015,NA,NA,19.6
"303","Dominican Republic","DOM",2010,NA,NA,27.9
"304","Dominican Republic","DOM",2011,NA,20.5,27.5
"305","Dominican Republic","DOM",2012,NA,20.93,27.1
"306","Dominican Republic","DOM",2013,NA,21.29,26.7
"307","Dominican Republic","DOM",2014,NA,NA,26.2
"308","Dominican Republic","DOM",2015,NA,NA,25.7
"309","Ecuador","ECU",2010,NA,NA,21.3
"310","Ecuador","ECU",2011,78.33,3.49,20.7
"311","Ecuador","ECU",2012,NA,3.98,20.1
"312","Ecuador","ECU",2013,NA,3.8,19.5
"313","Ecuador","ECU",2014,NA,NA,19
"314","Ecuador","ECU",2015,NA,NA,18.4
"315","Egypt, Arab Rep.","EGY",2010,NA,NA,24.3
"316","Egypt, Arab Rep.","EGY",2011,NA,32.1,23.4
"317","Egypt, Arab Rep.","EGY",2012,NA,31.56,22.6
"318","Egypt, Arab Rep.","EGY",2013,NA,27.86,21.8
"319","Egypt, Arab Rep.","EGY",2014,NA,NA,21
"320","Egypt, Arab Rep.","EGY",2015,NA,NA,20.3
"321","El Salvador","SLV",2010,NA,28.7,17.1
"322","El Salvador","SLV",2011,81.29,NA,16.5
"323","El Salvador","SLV",2012,82.37,26.03,16
"324","El Salvador","SLV",2013,NA,5.67,15.4
"325","El Salvador","SLV",2014,NA,NA,14.9
"326","El Salvador","SLV",2015,NA,NA,14.4
"327","Equatorial Guinea","GNQ",2010,NA,NA,78.9
"328","Equatorial Guinea","GNQ",2011,NA,NA,76.6
"329","Equatorial Guinea","GNQ",2012,NA,NA,74.3
"330","Equatorial Guinea","GNQ",2013,NA,NA,72.2
"331","Equatorial Guinea","GNQ",2014,NA,NA,70.3
"332","Equatorial Guinea","GNQ",2015,NA,NA,68.2
"333","Eritrea","ERI",2010,NA,NA,39.4
"334","Eritrea","ERI",2011,NA,NA,38.2
"335","Eritrea","ERI",2012,NA,NA,37
"336","Eritrea","ERI",2013,NA,NA,36
"337","Eritrea","ERI",2014,NA,NA,35
"338","Eritrea","ERI",2015,NA,NA,34.1
"339","Estonia","EST",2010,NA,14.03,3.6
"340","Estonia","EST",2011,NA,11.57,3.2
"341","Estonia","EST",2012,NA,12.2,2.9
"342","Estonia","EST",2013,NA,11.32,2.7
"343","Estonia","EST",2014,NA,11.66,2.5
"344","Estonia","EST",2015,NA,NA,2.3
"345","Ethiopia","ETH",2010,NA,NA,50.8
"346","Ethiopia","ETH",2011,90.66,1.28,48.3
"347","Ethiopia","ETH",2012,NA,1.12,46.2
"348","Ethiopia","ETH",2013,NA,NA,44.5
"349","Ethiopia","ETH",2014,NA,NA,42.9
"350","Ethiopia","ETH",2015,NA,NA,41.4
"351","Fiji","FJI",2010,NA,NA,20.3
"352","Fiji","FJI",2011,NA,NA,20.1
"353","Fiji","FJI",2012,NA,NA,20
"354","Fiji","FJI",2013,NA,NA,19.7
"355","Fiji","FJI",2014,NA,NA,19.4
"356","Fiji","FJI",2015,NA,NA,19.1
"357","Finland","FIN",2010,NA,9.02,2.5
"358","Finland","FIN",2011,NA,8.43,2.4
"359","Finland","FIN",2012,NA,8.56,2.2
"360","Finland","FIN",2013,NA,9.3,2.1
"361","Finland","FIN",2014,NA,10.17,2
"362","Finland","FIN",2015,NA,NA,1.9
"363","France","FRA",2010,NA,12.34,3.5
"364","France","FRA",2011,NA,11.85,3.5
"365","France","FRA",2012,NA,12.12,3.5
"366","France","FRA",2013,NA,11.15,3.6
"367","France","FRA",2014,NA,10.66,3.6
"368","France","FRA",2015,NA,NA,3.5
"369","Gabon","GAB",2010,NA,NA,42.8
"370","Gabon","GAB",2011,NA,NA,41.3
"371","Gabon","GAB",2012,78.53,NA,39.7
"372","Gabon","GAB",2013,NA,NA,38
"373","Gabon","GAB",2014,NA,NA,37
"374","Gabon","GAB",2015,NA,NA,36.1
"375","Gambia, The","GMB",2010,NA,NA,51.7
"376","Gambia, The","GMB",2011,NA,NA,50.9
"377","Gambia, The","GMB",2012,NA,NA,50.1
"378","Gambia, The","GMB",2013,NA,NA,49.4
"379","Gambia, The","GMB",2014,NA,NA,48.6
"380","Gambia, The","GMB",2015,NA,NA,47.9
"381","Georgia","GEO",2010,NA,NA,14.9
"382","Georgia","GEO",2011,NA,NA,13.8
"383","Georgia","GEO",2012,NA,NA,12.8
"384","Georgia","GEO",2013,NA,NA,12
"385","Georgia","GEO",2014,NA,NA,11.3
"386","Georgia","GEO",2015,NA,NA,10.6
"387","Germany","DEU",2010,NA,8.32,3.5
"388","Germany","DEU",2011,NA,7.49,3.4
"389","Germany","DEU",2012,NA,7.1,3.3
"390","Germany","DEU",2013,NA,6.25,3.3
"391","Germany","DEU",2014,NA,6.36,3.2
"392","Germany","DEU",2015,NA,NA,3.1
"393","Ghana","GHA",2010,NA,NA,50.2
"394","Ghana","GHA",2011,NA,NA,48.6
"395","Ghana","GHA",2012,NA,NA,47
"396","Ghana","GHA",2013,NA,NA,45.5
"397","Ghana","GHA",2014,NA,NA,44.2
"398","Ghana","GHA",2015,NA,NA,42.8
"399","Greece","GRC",2010,NA,14.78,4.1
"400","Greece","GRC",2011,NA,17.38,4
"401","Greece","GRC",2012,NA,20.17,3.9
"402","Greece","GRC",2013,NA,20.4,3.8
"403","Greece","GRC",2014,NA,19.15,3.7
"404","Greece","GRC",2015,NA,NA,3.6
"405","Grenada","GRD",2010,NA,NA,11.9
"406","Grenada","GRD",2011,NA,NA,11.8
"407","Grenada","GRD",2012,NA,NA,11.5
"408","Grenada","GRD",2013,NA,NA,11.4
"409","Grenada","GRD",2014,NA,NA,11.1
"410","Grenada","GRD",2015,NA,NA,10.8
"411","Guatemala","GTM",2010,NA,NA,28.4
"412","Guatemala","GTM",2011,NA,25.73,27.5
"413","Guatemala","GTM",2012,81.94,23.24,26.6
"414","Guatemala","GTM",2013,NA,29.83,25.9
"415","Guatemala","GTM",2014,NA,NA,25.1
"416","Guatemala","GTM",2015,NA,NA,24.3
"417","Guinea","GIN",2010,91.36,NA,71.2
"418","Guinea","GIN",2011,NA,NA,68.9
"419","Guinea","GIN",2012,85.16,NA,66.8
"420","Guinea","GIN",2013,NA,NA,64.7
"421","Guinea","GIN",2014,NA,NA,62.8
"422","Guinea","GIN",2015,NA,NA,61
"423","Guinea-Bissau","GNB",2010,NA,NA,73.4
"424","Guinea-Bissau","GNB",2011,NA,NA,70.3
"425","Guinea-Bissau","GNB",2012,NA,NA,67.4
"426","Guinea-Bissau","GNB",2013,NA,NA,64.8
"427","Guinea-Bissau","GNB",2014,NA,NA,62.4
"428","Guinea-Bissau","GNB",2015,NA,NA,60.3
"429","Guyana","GUY",2010,NA,NA,33.5
"430","Guyana","GUY",2011,NA,NA,33.5
"431","Guyana","GUY",2012,NA,NA,33.3
"432","Guyana","GUY",2013,NA,NA,33
"433","Guyana","GUY",2014,NA,NA,32.6
"434","Guyana","GUY",2015,NA,NA,32
"435","Haiti","HTI",2010,NA,NA,85.5
"436","Haiti","HTI",2011,NA,NA,57.5
"437","Haiti","HTI",2012,77.12,NA,56.2
"438","Haiti","HTI",2013,NA,NA,54.8
"439","Haiti","HTI",2014,NA,NA,53.5
"440","Haiti","HTI",2015,NA,NA,52.2
"441","Honduras","HND",2010,NA,41.43,20.7
"442","Honduras","HND",2011,72.34,NA,19.9
"443","Honduras","HND",2012,NA,NA,19.2
"444","Honduras","HND",2013,73.82,NA,18.6
"445","Honduras","HND",2014,NA,NA,18
"446","Honduras","HND",2015,NA,NA,17.4
"447","Hong Kong SAR, China","HKG",2010,NA,6.95,NA
"448","Hong Kong SAR, China","HKG",2011,NA,6.16,NA
"449","Hong Kong SAR, China","HKG",2012,NA,6.16,NA
"450","Hong Kong SAR, China","HKG",2013,NA,6.64,NA
"451","Hungary","HUN",2010,NA,12.56,5.7
"452","Hungary","HUN",2011,NA,13.21,5.5
"453","Hungary","HUN",2012,NA,14.78,5.4
"454","Hungary","HUN",2013,NA,15.47,5.4
"455","Hungary","HUN",2014,NA,13.62,5.3
"456","Hungary","HUN",2015,NA,NA,5.3
"457","Iceland","ISL",2010,NA,7.35,1.9
"458","Iceland","ISL",2011,NA,6.69,1.8
"459","Iceland","ISL",2012,NA,5.89,1.7
"460","Iceland","ISL",2013,NA,5.47,1.6
"461","Iceland","ISL",2014,NA,5.81,1.6
"462","Iceland","ISL",2015,NA,NA,1.6
"463","India","IND",2010,59.23,27.18,46.3
"464","India","IND",2011,NA,NA,44.4
"465","India","IND",2012,53.9,NA,42.6
"466","India","IND",2013,NA,NA,40.9
"467","India","IND",2014,NA,NA,39.3
"468","India","IND",2015,NA,NA,37.9
"469","Indonesia","IDN",2010,81.99,25.66,27.4
"470","Indonesia","IDN",2011,NA,NA,26.3
"471","Indonesia","IDN",2012,NA,NA,25.3
"472","Indonesia","IDN",2013,NA,24.15,24.4
"473","Indonesia","IDN",2014,NA,NA,23.6
"474","Indonesia","IDN",2015,NA,NA,22.8
"475","Iran, Islamic Rep.","IRN",2010,NA,34.35,16.4
"476","Iran, Islamic Rep.","IRN",2011,NA,NA,15.7
"477","Iran, Islamic Rep.","IRN",2012,NA,NA,15.1
"478","Iran, Islamic Rep.","IRN",2013,NA,NA,14.5
"479","Iran, Islamic Rep.","IRN",2014,NA,NA,13.9
"480","Iran, Islamic Rep.","IRN",2015,NA,NA,13.4
"481","Iraq","IRQ",2010,NA,NA,30
"482","Iraq","IRQ",2011,81.15,NA,29.3
"483","Iraq","IRQ",2012,NA,NA,28.7
"484","Iraq","IRQ",2013,NA,NA,27.9
"485","Iraq","IRQ",2014,NA,NA,27.2
"486","Iraq","IRQ",2015,NA,NA,26.5
"487","Ireland","IRL",2010,NA,19.19,3.5
"488","Ireland","IRL",2011,NA,18.75,3.4
"489","Ireland","IRL",2012,NA,18.72,3.4
"490","Ireland","IRL",2013,NA,16.13,3.2
"491","Ireland","IRL",2014,NA,15.18,3.1
"492","Ireland","IRL",2015,NA,NA,3
"493","Israel","ISR",2010,NA,NA,3.7
"494","Israel","ISR",2011,NA,31.55,3.5
"495","Israel","ISR",2012,NA,16.67,3.4
"496","Israel","ISR",2013,NA,15.7,3.3
"497","Israel","ISR",2014,NA,NA,3.3
"498","Israel","ISR",2015,NA,NA,3.2
"499","Italy","ITA",2010,NA,18.97,3.4
"500","Italy","ITA",2011,NA,19.64,3.3
"501","Italy","ITA",2012,NA,20.94,3.2
"502","Italy","ITA",2013,NA,22.14,3.1
"503","Italy","ITA",2014,NA,22.04,3
"504","Italy","ITA",2015,NA,NA,2.9
"505","Jamaica","JAM",2010,NA,NA,15.5
"506","Jamaica","JAM",2011,79.16,NA,15.1
"507","Jamaica","JAM",2012,NA,NA,14.8
"508","Jamaica","JAM",2013,NA,28.8,14.4
"509","Jamaica","JAM",2014,NA,NA,13.9
"510","Jamaica","JAM",2015,NA,NA,13.5
"511","Japan","JPN",2010,NA,4.29,2.4
"512","Japan","JPN",2011,NA,NA,2.3
"513","Japan","JPN",2012,NA,4.21,2.2
"514","Japan","JPN",2013,NA,3.91,2.1
"515","Japan","JPN",2014,NA,NA,2.1
"516","Japan","JPN",2015,NA,NA,2
"517","Jordan","JOR",2010,NA,NA,17.8
"518","Jordan","JOR",2011,NA,NA,17.3
"519","Jordan","JOR",2012,NA,24.6,16.8
"520","Jordan","JOR",2013,NA,NA,16.3
"521","Jordan","JOR",2014,NA,NA,15.8
"522","Jordan","JOR",2015,NA,NA,15.4
"523","Kazakhstan","KAZ",2010,NA,NA,19.3
"524","Kazakhstan","KAZ",2011,NA,NA,17.5
"525","Kazakhstan","KAZ",2012,NA,NA,16
"526","Kazakhstan","KAZ",2013,NA,NA,14.6
"527","Kazakhstan","KAZ",2014,NA,NA,13.5
"528","Kazakhstan","KAZ",2015,NA,NA,12.6
"529","Kenya","KEN",2010,NA,NA,42.4
"530","Kenya","KEN",2011,NA,NA,40.3
"531","Kenya","KEN",2012,NA,NA,39.2
"532","Kenya","KEN",2013,NA,NA,38
"533","Kenya","KEN",2014,NA,NA,36.6
"534","Kenya","KEN",2015,NA,NA,35.5
"535","Kiribati","KIR",2010,NA,NA,48.3
"536","Kiribati","KIR",2011,NA,NA,47.5
"537","Kiribati","KIR",2012,NA,NA,46.6
"538","Kiribati","KIR",2013,NA,NA,45.6
"539","Kiribati","KIR",2014,NA,NA,44.6
"540","Kiribati","KIR",2015,NA,NA,43.6
"541","Korea, Dem. Rep.","PRK",2010,NA,NA,24.8
"542","Korea, Dem. Rep.","PRK",2011,NA,NA,23.8
"543","Korea, Dem. Rep.","PRK",2012,NA,NA,22.7
"544","Korea, Dem. Rep.","PRK",2013,NA,NA,21.7
"545","Korea, Dem. Rep.","PRK",2014,NA,NA,20.7
"546","Korea, Dem. Rep.","PRK",2015,NA,NA,19.7
"547","Korea, Rep.","KOR",2010,NA,19.2,3.5
"548","Korea, Rep.","KOR",2011,NA,18.8,3.4
"549","Korea, Rep.","KOR",2012,NA,NA,3.3
"550","Korea, Rep.","KOR",2013,NA,NA,3.2
"551","Korea, Rep.","KOR",2014,NA,NA,3
"552","Korea, Rep.","KOR",2015,NA,NA,2.9
"553","Kuwait","KWT",2010,NA,NA,9.2
"554","Kuwait","KWT",2011,NA,NA,8.9
"555","Kuwait","KWT",2012,NA,NA,8.5
"556","Kuwait","KWT",2013,NA,NA,8.1
"557","Kuwait","KWT",2014,NA,NA,7.7
"558","Kuwait","KWT",2015,NA,NA,7.3
"559","Kyrgyz Republic","KGZ",2010,NA,18.46,26.5
"560","Kyrgyz Republic","KGZ",2011,NA,42.78,24.6
"561","Kyrgyz Republic","KGZ",2012,NA,43.3,22.9
"562","Kyrgyz Republic","KGZ",2013,NA,21.23,21.4
"563","Kyrgyz Republic","KGZ",2014,NA,NA,20.1
"564","Kyrgyz Republic","KGZ",2015,NA,NA,19
"565","Lao PDR","LAO",2010,80.03,NA,59
"566","Lao PDR","LAO",2011,NA,NA,57.1
"567","Lao PDR","LAO",2012,NA,NA,55.4
"568","Lao PDR","LAO",2013,NA,NA,53.7
"569","Lao PDR","LAO",2014,NA,NA,52.3
"570","Lao PDR","LAO",2015,NA,NA,50.7
"571","Latvia","LVA",2010,NA,17.81,8.2
"572","Latvia","LVA",2011,NA,16.03,7.8
"573","Latvia","LVA",2012,NA,14.89,7.6
"574","Latvia","LVA",2013,NA,13.03,7.4
"575","Latvia","LVA",2014,NA,12.01,7.2
"576","Latvia","LVA",2015,NA,NA,6.9
"577","Lebanon","LBN",2010,NA,NA,8.7
"578","Lebanon","LBN",2011,NA,NA,8.3
"579","Lebanon","LBN",2012,NA,NA,7.9
"580","Lebanon","LBN",2013,NA,NA,7.6
"581","Lebanon","LBN",2014,NA,NA,7.3
"582","Lebanon","LBN",2015,NA,NA,7.1
"583","Lesotho","LSO",2010,NA,NA,75.2
"584","Lesotho","LSO",2011,NA,NA,71.9
"585","Lesotho","LSO",2012,NA,NA,72.3
"586","Lesotho","LSO",2013,NA,NA,71.9
"587","Lesotho","LSO",2014,NA,NA,70.5
"588","Lesotho","LSO",2015,NA,NA,69.2
"589","Liberia","LBR",2010,80.55,19.38,65.2
"590","Liberia","LBR",2011,NA,NA,62.1
"591","Liberia","LBR",2012,NA,14.5,59.4
"592","Liberia","LBR",2013,NA,NA,56.9
"593","Liberia","LBR",2014,NA,NA,54.7
"594","Liberia","LBR",2015,NA,NA,52.8
"595","Libya","LBY",2010,NA,NA,14.3
"596","Libya","LBY",2011,NA,NA,13.9
"597","Libya","LBY",2012,NA,NA,12.9
"598","Libya","LBY",2013,NA,NA,12.4
"599","Libya","LBY",2014,NA,NA,11.9
"600","Libya","LBY",2015,NA,NA,11.4
"601","Lithuania","LTU",2010,NA,13.17,5.6
"602","Lithuania","LTU",2011,NA,11.82,5
"603","Lithuania","LTU",2012,NA,11.17,4.5
"604","Lithuania","LTU",2013,NA,11.14,4
"605","Lithuania","LTU",2014,NA,9.91,3.6
"606","Lithuania","LTU",2015,NA,NA,3.3
"607","Luxembourg","LUX",2010,NA,5.12,1.9
"608","Luxembourg","LUX",2011,NA,4.74,1.8
"609","Luxembourg","LUX",2012,NA,5.89,1.6
"610","Luxembourg","LUX",2013,NA,4.99,1.6
"611","Luxembourg","LUX",2014,NA,6.26,1.6
"612","Luxembourg","LUX",2015,NA,NA,1.5
"613","Macao SAR, China","MAC",2010,NA,6.19,NA
"614","Macao SAR, China","MAC",2011,NA,6.3,NA
"615","Macao SAR, China","MAC",2012,NA,5.76,NA
"616","Macao SAR, China","MAC",2013,NA,5.27,NA
"617","Macedonia, FYR","MKD",2010,NA,25.52,8.7
"618","Macedonia, FYR","MKD",2011,72.74,25.18,7.5
"619","Macedonia, FYR","MKD",2012,NA,24.8,6.5
"620","Macedonia, FYR","MKD",2013,NA,24.23,5.8
"621","Macedonia, FYR","MKD",2014,NA,25.15,5.2
"622","Macedonia, FYR","MKD",2015,NA,NA,4.8
"623","Madagascar","MDG",2010,NA,NA,42.1
"624","Madagascar","MDG",2011,NA,NA,40.6
"625","Madagascar","MDG",2012,NA,NA,39.3
"626","Madagascar","MDG",2013,NA,5,38.1
"627","Madagascar","MDG",2014,NA,NA,37
"628","Madagascar","MDG",2015,NA,NA,35.9
"629","Malawi","MWI",2010,NA,NA,57.5
"630","Malawi","MWI",2011,NA,NA,53.8
"631","Malawi","MWI",2012,NA,16.7,50.2
"632","Malawi","MWI",2013,NA,NA,47.3
"633","Malawi","MWI",2014,NA,NA,45.1
"634","Malawi","MWI",2015,NA,NA,43.4
"635","Malaysia","MYS",2010,NA,NA,6.8
"636","Malaysia","MYS",2011,NA,NA,6.7
"637","Malaysia","MYS",2012,NA,0.89,6.6
"638","Malaysia","MYS",2013,NA,1.15,6.4
"639","Malaysia","MYS",2014,NA,NA,6.2
"640","Malaysia","MYS",2015,NA,NA,6
"641","Maldives","MDV",2010,NA,56.4,11.2
"642","Maldives","MDV",2011,NA,NA,10.1
"643","Maldives","MDV",2012,NA,NA,9.2
"644","Maldives","MDV",2013,NA,NA,8.4
"645","Maldives","MDV",2014,NA,NA,7.8
"646","Maldives","MDV",2015,NA,NA,7.4
"647","Mali","MLI",2010,NA,13.47,82.9
"648","Mali","MLI",2011,NA,NA,81
"649","Mali","MLI",2012,NA,NA,79.2
"650","Mali","MLI",2013,82.99,NA,77.6
"651","Mali","MLI",2014,NA,NA,75.9
"652","Mali","MLI",2015,NA,NA,74.5
"653","Malta","MLT",2010,NA,9.53,5.6
"654","Malta","MLT",2011,NA,10.18,5.6
"655","Malta","MLT",2012,NA,10.61,5.5
"656","Malta","MLT",2013,NA,9.94,5.3
"657","Malta","MLT",2014,NA,11.44,5.2
"658","Malta","MLT",2015,NA,NA,5.1
"659","Marshall Islands","MHL",2010,NA,NA,31.8
"660","Marshall Islands","MHL",2011,NA,NA,31.6
"661","Marshall Islands","MHL",2012,NA,NA,31.2
"662","Marshall Islands","MHL",2013,NA,NA,30.8
"663","Marshall Islands","MHL",2014,NA,NA,30.2
"664","Marshall Islands","MHL",2015,NA,NA,29.6
"665","Mauritania","MRT",2010,NA,NA,70.1
"666","Mauritania","MRT",2011,NA,NA,69.2
"667","Mauritania","MRT",2012,NA,NA,68.1
"668","Mauritania","MRT",2013,NA,NA,67.2
"669","Mauritania","MRT",2014,NA,NA,66.1
"670","Mauritania","MRT",2015,NA,NA,65.1
"671","Mauritius","MUS",2010,NA,NA,13.3
"672","Mauritius","MUS",2011,NA,NA,13.1
"673","Mauritius","MUS",2012,NA,NA,12.8
"674","Mauritius","MUS",2013,NA,NA,12.6
"675","Mauritius","MUS",2014,NA,NA,12.2
"676","Mauritius","MUS",2015,NA,NA,11.8
"677","Mexico","MEX",2010,NA,18.4,14.4
"678","Mexico","MEX",2011,59.85,21.12,13.8
"679","Mexico","MEX",2012,NA,20,13.1
"680","Mexico","MEX",2013,NA,NA,12.5
"681","Mexico","MEX",2014,NA,NA,11.9
"682","Mexico","MEX",2015,NA,NA,11.3
"683","Micronesia, Fed. Sts.","FSM",2010,NA,NA,32.9
"684","Micronesia, Fed. Sts.","FSM",2011,NA,NA,32
"685","Micronesia, Fed. Sts.","FSM",2012,NA,NA,31.1
"686","Micronesia, Fed. Sts.","FSM",2013,NA,NA,30.2
"687","Micronesia, Fed. Sts.","FSM",2014,NA,NA,29.4
"688","Micronesia, Fed. Sts.","FSM",2015,NA,NA,28.6
"689","Middle income","MIC",2010,NA,NA,37.4
"690","Middle income","MIC",2011,NA,NA,36
"691","Middle income","MIC",2012,NA,NA,34.6
"692","Middle income","MIC",2013,NA,NA,33.3
"693","Middle income","MIC",2014,NA,NA,32.1
"694","Middle income","MIC",2015,NA,NA,31.2
"695","Moldova","MDA",2010,NA,28.37,14.7
"696","Moldova","MDA",2011,NA,29.19,14.5
"697","Moldova","MDA",2012,NA,29.26,14.3
"698","Moldova","MDA",2013,NA,28.64,14.1
"699","Moldova","MDA",2014,NA,NA,13.9
"700","Moldova","MDA",2015,NA,NA,13.6
"701","Monaco","MCO",2010,NA,NA,3.2
"702","Monaco","MCO",2011,NA,NA,3.2
"703","Monaco","MCO",2012,NA,NA,3.1
"704","Monaco","MCO",2013,NA,NA,3
"705","Monaco","MCO",2014,NA,NA,2.9
"706","Monaco","MCO",2015,NA,NA,2.8
"707","Mongolia","MNG",2010,NA,NA,25
"708","Mongolia","MNG",2011,NA,1.54,23.4
"709","Mongolia","MNG",2012,97.62,1.47,22.1
"710","Mongolia","MNG",2013,NA,1.46,20.9
"711","Mongolia","MNG",2014,NA,NA,19.9
"712","Mongolia","MNG",2015,NA,NA,19
"713","Montenegro","MNE",2010,NA,NA,6.3
"714","Montenegro","MNE",2011,NA,NA,5.7
"715","Montenegro","MNE",2012,NA,NA,5.3
"716","Montenegro","MNE",2013,NA,NA,4.9
"717","Montenegro","MNE",2014,NA,NA,4.6
"718","Montenegro","MNE",2015,NA,NA,4.3
"719","Morocco","MAR",2010,NA,NA,28.5
"720","Morocco","MAR",2011,NA,NA,27.4
"721","Morocco","MAR",2012,NA,NA,26.4
"722","Morocco","MAR",2013,NA,NA,25.5
"723","Morocco","MAR",2014,NA,NA,24.6
"724","Morocco","MAR",2015,NA,NA,23.7
"725","Mozambique","MOZ",2010,NA,NA,71.9
"726","Mozambique","MOZ",2011,NA,NA,68.1
"727","Mozambique","MOZ",2012,NA,10.12,63.6
"728","Mozambique","MOZ",2013,NA,NA,60.9
"729","Mozambique","MOZ",2014,NA,NA,58.5
"730","Mozambique","MOZ",2015,NA,NA,56.7
"731","Myanmar","MMR",2010,NA,NA,45.8
"732","Myanmar","MMR",2011,NA,NA,44.5
"733","Myanmar","MMR",2012,NA,NA,43.2
"734","Myanmar","MMR",2013,NA,NA,41.9
"735","Myanmar","MMR",2014,NA,NA,40.7
"736","Myanmar","MMR",2015,NA,NA,39.5
"737","Namibia","NAM",2010,NA,NA,37.5
"738","Namibia","NAM",2011,NA,NA,36
"739","Namibia","NAM",2012,NA,NA,35.5
"740","Namibia","NAM",2013,NA,32.01,34.3
"741","Namibia","NAM",2014,NA,NA,33.4
"742","Namibia","NAM",2015,NA,NA,32.8
"743","Nepal","NPL",2010,NA,NA,36.3
"744","Nepal","NPL",2011,NA,NA,34.6
"745","Nepal","NPL",2012,NA,NA,33.1
"746","Nepal","NPL",2013,NA,9.2,31.7
"747","Nepal","NPL",2014,NA,NA,30.5
"748","Nepal","NPL",2015,NA,NA,29.4
"749","Netherlands","NLD",2010,NA,4.28,3.7
"750","Netherlands","NLD",2011,NA,3.76,3.6
"751","Netherlands","NLD",2012,NA,4.28,3.5
"752","Netherlands","NLD",2013,NA,5.09,3.3
"753","Netherlands","NLD",2014,NA,5.02,3.3
"754","Netherlands","NLD",2015,NA,NA,3.2
"755","New Zealand","NZL",2010,NA,13.33,5.1
"756","New Zealand","NZL",2011,NA,13.14,5
"757","New Zealand","NZL",2012,NA,13.56,4.9
"758","New Zealand","NZL",2013,NA,11.86,4.9
"759","New Zealand","NZL",2014,NA,NA,4.8
"760","New Zealand","NZL",2015,NA,NA,4.7
"761","Nicaragua","NIC",2010,82.05,NA,22
"762","Nicaragua","NIC",2011,NA,NA,21.3
"763","Nicaragua","NIC",2012,NA,NA,20.6
"764","Nicaragua","NIC",2013,NA,NA,20
"765","Nicaragua","NIC",2014,NA,NA,19.4
"766","Nicaragua","NIC",2015,NA,NA,18.8
"767","Niger","NER",2010,NA,NA,66.1
"768","Niger","NER",2011,NA,NA,63.7
"769","Niger","NER",2012,70.78,NA,61.6
"770","Niger","NER",2013,NA,NA,59.8
"771","Niger","NER",2014,NA,NA,58.4
"772","Niger","NER",2015,NA,NA,57.1
"773","Nigeria","NGA",2010,NA,NA,81.5
"774","Nigeria","NGA",2011,NA,NA,78.8
"775","Nigeria","NGA",2012,NA,NA,76.2
"776","Nigeria","NGA",2013,NA,NA,73.8
"777","Nigeria","NGA",2014,NA,NA,71.5
"778","Nigeria","NGA",2015,NA,NA,69.4
"779","Norway","NOR",2010,NA,4.9,2.6
"780","Norway","NOR",2011,NA,5.04,2.5
"781","Norway","NOR",2012,NA,NA,2.3
"782","Norway","NOR",2013,NA,5.63,2.3
"783","Norway","NOR",2014,NA,5.47,2.2
"784","Norway","NOR",2015,NA,NA,2
"785","Oman","OMN",2010,NA,NA,10
"786","Oman","OMN",2011,NA,NA,10
"787","Oman","OMN",2012,NA,NA,10
"788","Oman","OMN",2013,NA,NA,10
"789","Oman","OMN",2014,NA,NA,10
"790","Oman","OMN",2015,NA,NA,9.9
"791","Other small states","OSS",2010,NA,NA,52.34127
"792","Other small states","OSS",2011,NA,NA,50.50597
"793","Other small states","OSS",2012,NA,NA,49.25872
"794","Other small states","OSS",2013,NA,NA,47.84129
"795","Other small states","OSS",2014,NA,NA,46.56606
"796","Other small states","OSS",2015,NA,NA,45.47887
"797","Pacific island small states","PSS",2010,NA,NA,24.06919
"798","Pacific island small states","PSS",2011,NA,NA,23.82403
"799","Pacific island small states","PSS",2012,NA,NA,23.54478
"800","Pacific island small states","PSS",2013,NA,NA,23.16266
"801","Pacific island small states","PSS",2014,NA,NA,22.73272
"802","Pacific island small states","PSS",2015,NA,NA,22.29326
"803","Pakistan","PAK",2010,NA,NA,73.5
"804","Pakistan","PAK",2011,75.08,NA,72.1
"805","Pakistan","PAK",2012,NA,NA,70.6
"806","Pakistan","PAK",2013,NA,NA,69.1
"807","Pakistan","PAK",2014,NA,NA,67.4
"808","Pakistan","PAK",2015,NA,NA,65.8
"809","Palau","PLW",2010,NA,NA,16.6
"810","Palau","PLW",2011,NA,NA,16.2
"811","Palau","PLW",2012,NA,NA,15.7
"812","Palau","PLW",2013,NA,NA,15.1
"813","Palau","PLW",2014,NA,NA,14.7
"814","Palau","PLW",2015,NA,NA,14.2
"815","Panama","PAN",2010,73.85,20.88,17
"816","Panama","PAN",2011,NA,21.03,16.5
"817","Panama","PAN",2012,68.5,17.58,16
"818","Panama","PAN",2013,NA,NA,15.5
"819","Panama","PAN",2014,NA,NA,15.1
"820","Panama","PAN",2015,NA,NA,14.6
"821","Papua New Guinea","PNG",2010,NA,NA,50.3
"822","Papua New Guinea","PNG",2011,NA,NA,49.2
"823","Papua New Guinea","PNG",2012,NA,NA,48
"824","Papua New Guinea","PNG",2013,NA,NA,47
"825","Papua New Guinea","PNG",2014,NA,NA,45.7
"826","Papua New Guinea","PNG",2015,NA,NA,44.5
"827","Paraguay","PRY",2010,NA,19.5,20.4
"828","Paraguay","PRY",2011,NA,12.97,19.8
"829","Paraguay","PRY",2012,NA,12.28,19.2
"830","Paraguay","PRY",2013,NA,NA,18.6
"831","Paraguay","PRY",2014,NA,NA,18.1
"832","Paraguay","PRY",2015,NA,NA,17.5
"833","Peru","PER",2010,NA,16.64,16.3
"834","Peru","PER",2011,NA,16.91,15.6
"835","Peru","PER",2012,NA,16.47,14.9
"836","Peru","PER",2013,NA,15.34,14.2
"837","Peru","PER",2014,NA,NA,13.6
"838","Peru","PER",2015,NA,NA,13.1
"839","Philippines","PHL",2010,NA,25.21,24.9
"840","Philippines","PHL",2011,73.46,24.3,24.4
"841","Philippines","PHL",2012,NA,24.78,23.9
"842","Philippines","PHL",2013,NA,NA,23.3
"843","Philippines","PHL",2014,NA,NA,22.8
"844","Philippines","PHL",2015,NA,NA,22.2
"845","Poland","POL",2010,NA,10.77,5
"846","Poland","POL",2011,NA,11.5,4.7
"847","Poland","POL",2012,NA,11.82,4.6
"848","Poland","POL",2013,NA,12.21,4.5
"849","Poland","POL",2014,NA,11.98,4.5
"850","Poland","POL",2015,NA,NA,4.5
"851","Portugal","PRT",2010,NA,11.44,3.1
"852","Portugal","PRT",2011,NA,12.55,3.1
"853","Portugal","PRT",2012,NA,13.91,3.1
"854","Portugal","PRT",2013,NA,14.07,3.1
"855","Portugal","PRT",2014,NA,12.28,3
"856","Portugal","PRT",2015,NA,NA,3
"857","Qatar","QAT",2010,NA,NA,7.7
"858","Qatar","QAT",2011,NA,NA,7.5
"859","Qatar","QAT",2012,NA,NA,7.3
"860","Qatar","QAT",2013,NA,NA,7.2
"861","Qatar","QAT",2014,NA,NA,7
"862","Qatar","QAT",2015,NA,NA,6.8
"863","Romania","ROM",2010,NA,16.6,12.1
"864","Romania","ROM",2011,NA,17.47,11.5
"865","Romania","ROM",2012,NA,16.81,10.9
"866","Romania","ROM",2013,NA,16.96,10.5
"867","Romania","ROM",2014,NA,17.01,10.1
"868","Romania","ROM",2015,NA,NA,9.7
"869","Russian Federation","RUS",2010,NA,NA,10.3
"870","Russian Federation","RUS",2011,NA,12.69,9.8
"871","Russian Federation","RUS",2012,NA,11.99,9.3
"872","Russian Federation","RUS",2013,NA,NA,8.9
"873","Russian Federation","RUS",2014,NA,NA,8.5
"874","Russian Federation","RUS",2015,NA,NA,8.2
"875","Rwanda","RWA",2010,80.45,NA,43.8
"876","Rwanda","RWA",2011,NA,NA,40
"877","Rwanda","RWA",2012,NA,NA,37.1
"878","Rwanda","RWA",2013,NA,NA,34.7
"879","Rwanda","RWA",2014,NA,NA,32.7
"880","Rwanda","RWA",2015,NA,NA,31.1
"881","Samoa","WSM",2010,NA,NA,16
"882","Samoa","WSM",2011,NA,NA,16
"883","Samoa","WSM",2012,NA,38.2,15.8
"884","Samoa","WSM",2013,NA,NA,15.6
"885","Samoa","WSM",2014,NA,NA,15.4
"886","Samoa","WSM",2015,NA,NA,15
"887","San Marino","SMR",2010,NA,NA,3.1
"888","San Marino","SMR",2011,NA,NA,3
"889","San Marino","SMR",2012,NA,NA,2.9
"890","San Marino","SMR",2013,NA,NA,2.8
"891","San Marino","SMR",2014,NA,NA,2.7
"892","San Marino","SMR",2015,NA,NA,2.6
"893","Sao Tome and Principe","STP",2010,NA,NA,39.8
"894","Sao Tome and Principe","STP",2011,NA,NA,38.7
"895","Sao Tome and Principe","STP",2012,NA,NA,37.5
"896","Sao Tome and Principe","STP",2013,NA,NA,36.6
"897","Sao Tome and Principe","STP",2014,NA,NA,35.5
"898","Sao Tome and Principe","STP",2015,NA,NA,34.6
"899","Saudi Arabia","SAU",2010,NA,NA,14.7
"900","Saudi Arabia","SAU",2011,NA,20.57,14.2
"901","Saudi Arabia","SAU",2012,NA,18.79,13.8
"902","Saudi Arabia","SAU",2013,NA,18.42,13.3
"903","Saudi Arabia","SAU",2014,NA,NA,12.9
"904","Saudi Arabia","SAU",2015,NA,NA,12.5
"905","Senegal","SEN",2010,NA,NA,46.7
"906","Senegal","SEN",2011,85.46,NA,45.3
"907","Senegal","SEN",2012,NA,NA,44.1
"908","Senegal","SEN",2013,NA,NA,43.1
"909","Senegal","SEN",2014,NA,NA,42.3
"910","Senegal","SEN",2015,NA,NA,41.7
"911","Serbia","SRB",2010,NA,21.19,6.6
"912","Serbia","SRB",2011,NA,21.34,6.4
"913","Serbia","SRB",2012,NA,21.48,6.2
"914","Serbia","SRB",2013,NA,19.54,6
"915","Serbia","SRB",2014,NA,NA,6
"916","Serbia","SRB",2015,NA,NA,5.9
"917","Seychelles","SYC",2010,NA,NA,12.2
"918","Seychelles","SYC",2011,NA,20,12.2
"919","Seychelles","SYC",2012,NA,NA,12.2
"920","Seychelles","SYC",2013,NA,NA,12.1
"921","Seychelles","SYC",2014,NA,NA,11.9
"922","Seychelles","SYC",2015,NA,NA,11.7
"923","Sierra Leone","SLE",2010,66.04,NA,107
"924","Sierra Leone","SLE",2011,NA,NA,102.3
"925","Sierra Leone","SLE",2012,NA,NA,97.9
"926","Sierra Leone","SLE",2013,60.36,NA,93.8
"927","Sierra Leone","SLE",2014,NA,NA,90.2
"928","Sierra Leone","SLE",2015,NA,NA,87.1
"929","Singapore","SGP",2010,NA,18.9,2.2
"930","Singapore","SGP",2011,NA,NA,2.2
"931","Singapore","SGP",2012,NA,NA,2.2
"932","Singapore","SGP",2013,NA,NA,2.2
"933","Singapore","SGP",2014,NA,NA,2.2
"934","Singapore","SGP",2015,NA,NA,2.1
"935","Slovak Republic","SVK",2010,NA,14.09,7
"936","Slovak Republic","SVK",2011,NA,13.81,6.8
"937","Slovak Republic","SVK",2012,NA,13.81,6.5
"938","Slovak Republic","SVK",2013,NA,13.69,6.3
"939","Slovak Republic","SVK",2014,NA,12.8,6.1
"940","Slovak Republic","SVK",2015,NA,NA,5.8
"941","Slovenia","SVN",2010,NA,7.11,2.7
"942","Slovenia","SVN",2011,NA,7.08,2.6
"943","Slovenia","SVN",2012,NA,9.28,2.4
"944","Slovenia","SVN",2013,NA,9.24,2.3
"945","Slovenia","SVN",2014,NA,9.42,2.2
"946","Slovenia","SVN",2015,NA,NA,2.1
"947","Small states","SST",2010,NA,NA,44.94545
"948","Small states","SST",2011,NA,NA,43.54878
"949","Small states","SST",2012,NA,NA,42.59094
"950","Small states","SST",2013,NA,NA,41.47603
"951","Small states","SST",2014,NA,NA,40.44817
"952","Small states","SST",2015,NA,NA,39.56158
"953","Solomon Islands","SLB",2010,NA,NA,26.6
"954","Solomon Islands","SLB",2011,NA,NA,26.1
"955","Solomon Islands","SLB",2012,NA,NA,25.5
"956","Solomon Islands","SLB",2013,NA,NA,24.9
"957","Solomon Islands","SLB",2014,NA,NA,24.2
"958","Solomon Islands","SLB",2015,NA,NA,23.6
"959","Somalia","SOM",2010,NA,NA,97.8
"960","Somalia","SOM",2011,NA,NA,95.1
"961","Somalia","SOM",2012,NA,NA,92.6
"962","Somalia","SOM",2013,NA,NA,90.1
"963","Somalia","SOM",2014,NA,NA,87.4
"964","Somalia","SOM",2015,NA,NA,85
"965","South Africa","ZAF",2010,NA,NA,38.2
"966","South Africa","ZAF",2011,NA,NA,37.1
"967","South Africa","ZAF",2012,NA,31.44,36.8
"968","South Africa","ZAF",2013,NA,31.97,35.3
"969","South Africa","ZAF",2014,NA,31.31,34.4
"970","South Africa","ZAF",2015,NA,NA,33.6
"971","South Asia","SAS",2010,NA,27.12888,49.8
"972","South Asia","SAS",2011,NA,NA,48.1
"973","South Asia","SAS",2012,NA,NA,46.5
"974","South Asia","SAS",2013,NA,NA,44.8
"975","South Asia","SAS",2014,NA,NA,43.3
"976","South Asia","SAS",2015,NA,NA,41.9
"977","South Sudan","SSD",2010,NA,NA,70.6
"978","South Sudan","SSD",2011,NA,NA,68.3
"979","South Sudan","SSD",2012,NA,NA,66.1
"980","South Sudan","SSD",2013,NA,NA,64
"981","South Sudan","SSD",2014,NA,NA,62
"982","South Sudan","SSD",2015,NA,NA,60.3
"983","Spain","ESP",2010,NA,17.81,3.9
"984","Spain","ESP",2011,NA,18.25,3.8
"985","Spain","ESP",2012,NA,18.6,3.7
"986","Spain","ESP",2013,NA,18.63,3.7
"987","Spain","ESP",2014,NA,17.14,3.6
"988","Spain","ESP",2015,NA,NA,3.5
"989","Sri Lanka","LKA",2010,NA,22.88,9.4
"990","Sri Lanka","LKA",2011,NA,0.49,9.1
"991","Sri Lanka","LKA",2012,NA,0.46,8.9
"992","Sri Lanka","LKA",2013,NA,NA,8.7
"993","Sri Lanka","LKA",2014,NA,NA,8.6
"994","Sri Lanka","LKA",2015,NA,NA,8.4
"995","St. Kitts and Nevis","KNA",2010,NA,NA,10
"996","St. Kitts and Nevis","KNA",2011,NA,NA,9.6
"997","St. Kitts and Nevis","KNA",2012,NA,NA,9.3
"998","St. Kitts and Nevis","KNA",2013,NA,NA,9
"999","St. Kitts and Nevis","KNA",2014,NA,NA,8.7
"1000","St. Kitts and Nevis","KNA",2015,NA,NA,8.4
"1001","St. Lucia","LCA",2010,NA,NA,14.1
"1002","St. Lucia","LCA",2011,NA,NA,13.9
"1003","St. Lucia","LCA",2012,NA,NA,13.6
"1004","St. Lucia","LCA",2013,NA,NA,13.3
"1005","St. Lucia","LCA",2014,NA,NA,13
"1006","St. Lucia","LCA",2015,NA,NA,12.7
"1007","St. Vincent and the Grenadines","VCT",2010,NA,NA,18.6
"1008","St. Vincent and the Grenadines","VCT",2011,NA,NA,18.2
"1009","St. Vincent and the Grenadines","VCT",2012,NA,NA,17.8
"1010","St. Vincent and the Grenadines","VCT",2013,NA,NA,17.4
"1011","St. Vincent and the Grenadines","VCT",2014,NA,NA,17
"1012","St. Vincent and the Grenadines","VCT",2015,NA,NA,16.6
"1013","Sudan","SDN",2010,NA,NA,53.3
"1014","Sudan","SDN",2011,NA,NA,52.2
"1015","Sudan","SDN",2012,NA,NA,51.1
"1016","Sudan","SDN",2013,NA,NA,49.9
"1017","Sudan","SDN",2014,NA,NA,48.8
"1018","Sudan","SDN",2015,NA,NA,47.6
"1019","Suriname","SUR",2010,NA,NA,22.1
"1020","Suriname","SUR",2011,NA,NA,21.4
"1021","Suriname","SUR",2012,NA,NA,20.8
"1022","Suriname","SUR",2013,NA,NA,20.1
"1023","Suriname","SUR",2014,NA,NA,19.5
"1024","Suriname","SUR",2015,NA,NA,19
"1025","Swaziland","SWZ",2010,75.17,NA,59.1
"1026","Swaziland","SWZ",2011,NA,NA,53.6
"1027","Swaziland","SWZ",2012,NA,NA,51.5
"1028","Swaziland","SWZ",2013,NA,NA,48.4
"1029","Swaziland","SWZ",2014,NA,NA,45.8
"1030","Swaziland","SWZ",2015,NA,NA,44.5
"1031","Sweden","SWE",2010,NA,7.67,2.5
"1032","Sweden","SWE",2011,NA,7.53,2.4
"1033","Sweden","SWE",2012,NA,7.83,2.4
"1034","Sweden","SWE",2013,NA,7.44,2.4
"1035","Sweden","SWE",2014,NA,7.16,2.4
"1036","Sweden","SWE",2015,NA,NA,2.4
"1037","Switzerland","CHE",2010,NA,6.7,3.9
"1038","Switzerland","CHE",2011,NA,6.72,3.8
"1039","Switzerland","CHE",2012,NA,6.85,3.7
"1040","Switzerland","CHE",2013,NA,7.13,3.6
"1041","Switzerland","CHE",2014,NA,7.27,3.5
"1042","Switzerland","CHE",2015,NA,NA,3.4
"1043","Syrian Arab Republic","SYR",2010,NA,NA,13.2
"1044","Syrian Arab Republic","SYR",2011,NA,NA,12.8
"1045","Syrian Arab Republic","SYR",2012,NA,NA,12.6
"1046","Syrian Arab Republic","SYR",2013,NA,NA,12.1
"1047","Syrian Arab Republic","SYR",2014,NA,NA,11.7
"1048","Syrian Arab Republic","SYR",2015,NA,NA,11.1
"1049","Tajikistan","TJK",2010,NA,NA,44.7
"1050","Tajikistan","TJK",2011,NA,NA,43.3
"1051","Tajikistan","TJK",2012,NA,NA,42.1
"1052","Tajikistan","TJK",2013,NA,NA,40.9
"1053","Tajikistan","TJK",2014,NA,NA,39.7
"1054","Tajikistan","TJK",2015,NA,NA,38.5
"1055","Tanzania","TZA",2010,NA,NA,42.4
"1056","Tanzania","TZA",2011,91.79,NA,40.4
"1057","Tanzania","TZA",2012,NA,NA,38.8
"1058","Tanzania","TZA",2013,NA,31.8,37.6
"1059","Tanzania","TZA",2014,NA,NA,36.2
"1060","Tanzania","TZA",2015,NA,NA,35.2
"1061","Thailand","THA",2010,NA,12.53,12.5
"1062","Thailand","THA",2011,NA,12.55,12
"1063","Thailand","THA",2012,NA,12.85,11.6
"1064","Thailand","THA",2013,NA,14.69,11.2
"1065","Thailand","THA",2014,NA,13.81,10.9
"1066","Thailand","THA",2015,NA,NA,10.5
"1067","Timor-Leste","TMP",2010,NA,NA,53.1
"1068","Timor-Leste","TMP",2011,NA,NA,51.1
"1069","Timor-Leste","TMP",2012,NA,NA,49.3
"1070","Timor-Leste","TMP",2013,NA,NA,47.6
"1071","Timor-Leste","TMP",2014,NA,NA,46.1
"1072","Timor-Leste","TMP",2015,NA,NA,44.7
"1073","Togo","TGO",2010,89.48,NA,59.3
"1074","Togo","TGO",2011,NA,NA,57.9
"1075","Togo","TGO",2012,NA,9,56.5
"1076","Togo","TGO",2013,NA,NA,55
"1077","Togo","TGO",2014,NA,NA,53.6
"1078","Togo","TGO",2015,NA,NA,52.3
"1079","Tonga","TON",2010,NA,NA,15
"1080","Tonga","TON",2011,NA,NA,15
"1081","Tonga","TON",2012,NA,NA,15
"1082","Tonga","TON",2013,NA,NA,14.9
"1083","Tonga","TON",2014,NA,NA,14.7
"1084","Tonga","TON",2015,NA,NA,14.4
"1085","Trinidad and Tobago","TTO",2010,NA,NA,21
"1086","Trinidad and Tobago","TTO",2011,NA,NA,20.4
"1087","Trinidad and Tobago","TTO",2012,NA,NA,19.7
"1088","Trinidad and Tobago","TTO",2013,NA,52.52,19.2
"1089","Trinidad and Tobago","TTO",2014,NA,NA,18.7
"1090","Trinidad and Tobago","TTO",2015,NA,NA,18.2
"1091","Tunisia","TUN",2010,NA,NA,14.9
"1092","Tunisia","TUN",2011,NA,NA,14.2
"1093","Tunisia","TUN",2012,78.12,NA,13.6
"1094","Tunisia","TUN",2013,NA,25.4,13.1
"1095","Tunisia","TUN",2014,NA,NA,12.6
"1096","Tunisia","TUN",2015,NA,NA,12.1
"1097","Turkey","TUR",2010,NA,32.29,16.4
"1098","Turkey","TUR",2011,NA,29.56,15.3
"1099","Turkey","TUR",2012,NA,28.72,14.2
"1100","Turkey","TUR",2013,NA,25.53,13.2
"1101","Turkey","TUR",2014,NA,24.79,12.3
"1102","Turkey","TUR",2015,NA,NA,11.6
"1103","Turkmenistan","TKM",2010,NA,NA,50.4
"1104","Turkmenistan","TKM",2011,NA,NA,48.9
"1105","Turkmenistan","TKM",2012,NA,NA,47.6
"1106","Turkmenistan","TKM",2013,NA,NA,46.2
"1107","Turkmenistan","TKM",2014,NA,NA,45
"1108","Turkmenistan","TKM",2015,NA,NA,43.7
"1109","Tuvalu","TUV",2010,NA,NA,26.3
"1110","Tuvalu","TUV",2011,NA,NA,25.6
"1111","Tuvalu","TUV",2012,NA,NA,24.9
"1112","Tuvalu","TUV",2013,NA,NA,24.1
"1113","Tuvalu","TUV",2014,NA,NA,23.4
"1114","Tuvalu","TUV",2015,NA,NA,22.8
"1115","Uganda","UGA",2010,NA,NA,49.5
"1116","Uganda","UGA",2011,NA,NA,46.3
"1117","Uganda","UGA",2012,85.7,NA,42.5
"1118","Uganda","UGA",2013,NA,5.91,41.6
"1119","Uganda","UGA",2014,NA,NA,39.1
"1120","Uganda","UGA",2015,NA,NA,37.7
"1121","Ukraine","UKR",2010,NA,NA,10.1
"1122","Ukraine","UKR",2011,NA,NA,9.6
"1123","Ukraine","UKR",2012,84.61,NA,9.1
"1124","Ukraine","UKR",2013,NA,14.7,8.6
"1125","Ukraine","UKR",2014,NA,19.98,8.1
"1126","Ukraine","UKR",2015,NA,NA,7.7
"1127","United Arab Emirates","ARE",2010,NA,NA,7.3
"1128","United Arab Emirates","ARE",2011,NA,NA,7
"1129","United Arab Emirates","ARE",2012,NA,NA,6.7
"1130","United Arab Emirates","ARE",2013,NA,NA,6.4
"1131","United Arab Emirates","ARE",2014,NA,NA,6.1
"1132","United Arab Emirates","ARE",2015,NA,NA,5.9
"1133","United Kingdom","GBR",2010,NA,13.62,4.4
"1134","United Kingdom","GBR",2011,NA,14.25,4.2
"1135","United Kingdom","GBR",2012,NA,13.88,4.1
"1136","United Kingdom","GBR",2013,NA,13.25,3.9
"1137","United Kingdom","GBR",2014,NA,11.87,3.7
"1138","United Kingdom","GBR",2015,NA,NA,3.5
"1139","United States","USA",2010,NA,17.64,6.3
"1140","United States","USA",2011,NA,17.13,6.1
"1141","United States","USA",2012,NA,16.49,6.1
"1142","United States","USA",2013,NA,NA,5.9
"1143","United States","USA",2014,NA,NA,5.7
"1144","United States","USA",2015,NA,NA,5.6
"1145","Uruguay","URY",2010,NA,20.48,10.6
"1146","Uruguay","URY",2011,NA,NA,10.3
"1147","Uruguay","URY",2012,NA,NA,10
"1148","Uruguay","URY",2013,NA,20.51,9.5
"1149","Uruguay","URY",2014,NA,NA,9.1
"1150","Uruguay","URY",2015,NA,NA,8.7
"1151","Uzbekistan","UZB",2010,NA,NA,39.6
"1152","Uzbekistan","UZB",2011,NA,NA,38.4
"1153","Uzbekistan","UZB",2012,NA,NA,37.2
"1154","Uzbekistan","UZB",2013,NA,NA,36.1
"1155","Uzbekistan","UZB",2014,NA,NA,35
"1156","Uzbekistan","UZB",2015,NA,NA,33.9
"1157","Vanuatu","VUT",2010,NA,NA,23.9
"1158","Vanuatu","VUT",2011,NA,NA,24
"1159","Vanuatu","VUT",2012,NA,NA,24
"1160","Vanuatu","VUT",2013,NA,NA,23.8
"1161","Vanuatu","VUT",2014,NA,NA,23.5
"1162","Vanuatu","VUT",2015,NA,NA,23.1
"1163","Venezuela, RB","VEN",2010,NA,19.19,14.3
"1164","Venezuela, RB","VEN",2011,NA,NA,14.1
"1165","Venezuela, RB","VEN",2012,NA,NA,13.8
"1166","Venezuela, RB","VEN",2013,NA,NA,13.5
"1167","Venezuela, RB","VEN",2014,NA,NA,13.2
"1168","Venezuela, RB","VEN",2015,NA,NA,12.9
"1169","Vietnam","VNM",2010,NA,NA,19.8
"1170","Vietnam","VNM",2011,87.37,NA,19.3
"1171","Vietnam","VNM",2012,84.29,11.3,18.8
"1172","Vietnam","VNM",2013,NA,9.34,18.3
"1173","Vietnam","VNM",2014,NA,NA,17.8
"1174","Vietnam","VNM",2015,NA,NA,17.3
"1175","Yemen, Rep.","YEM",2010,89.88,48.1,42.4
"1176","Yemen, Rep.","YEM",2011,NA,NA,40.3
"1177","Yemen, Rep.","YEM",2012,NA,NA,38.4
"1178","Yemen, Rep.","YEM",2013,NA,NA,36.7
"1179","Yemen, Rep.","YEM",2014,NA,NA,35.1
"1180","Yemen, Rep.","YEM",2015,NA,NA,33.8
"1181","Zambia","ZMB",2010,NA,NA,52.9
"1182","Zambia","ZMB",2011,NA,NA,51.1
"1183","Zambia","ZMB",2012,NA,28.3,49
"1184","Zambia","ZMB",2013,NA,NA,46.5
"1185","Zambia","ZMB",2014,NA,NA,44.7
"1186","Zambia","ZMB",2015,NA,NA,43.3
"1187","Zimbabwe","ZWE",2010,NA,NA,55.8
"1188","Zimbabwe","ZWE",2011,NA,NA,54
"1189","Zimbabwe","ZWE",2012,NA,NA,49.4
"1190","Zimbabwe","ZWE",2013,NA,NA,48.8
"1191","Zimbabwe","ZWE",2014,NA,NA,47.6
"1192","Zimbabwe","ZWE",2015,NA,NA,46.6
