"","CountryName","CountryCode","Year","FP.CPI.TOTL.ZG","IC.FRM.CRIM.ZS","IC.LGL.CRED.XQ"
"1","Afghanistan","AFG",2010,0.8925369,NA,NA
"2","Afghanistan","AFG",2011,10.20166,NA,NA
"3","Afghanistan","AFG",2012,7.218258,NA,NA
"4","Afghanistan","AFG",2013,7.654317,NA,9
"5","Afghanistan","AFG",2014,4.604334,2.9,9
"6","Afghanistan","AFG",2015,NA,NA,9
"7","Albania","ALB",2010,3.552267,NA,NA
"8","Albania","ALB",2011,3.450347,NA,NA
"9","Albania","ALB",2012,2.031596,NA,NA
"10","Albania","ALB",2013,1.937618,0,8
"11","Albania","ALB",2014,1.634033,NA,7
"12","Albania","ALB",2015,NA,NA,7
"13","Algeria","DZA",2010,3.913043,NA,NA
"14","Algeria","DZA",2011,4.521765,NA,NA
"15","Algeria","DZA",2012,8.894585,NA,NA
"16","Algeria","DZA",2013,3.253684,NA,2
"17","Algeria","DZA",2014,2.916406,NA,2
"18","Algeria","DZA",2015,NA,NA,2
"19","Angola","AGO",2010,14.47054,1.5,NA
"20","Angola","AGO",2011,13.46702,NA,NA
"21","Angola","AGO",2012,10.29349,NA,NA
"22","Angola","AGO",2013,8.776091,NA,1
"23","Angola","AGO",2014,7.279562,NA,1
"24","Angola","AGO",2015,NA,NA,1
"25","Antigua and Barbuda","ATG",2010,3.370025,0.5,NA
"26","Antigua and Barbuda","ATG",2011,3.45675,NA,NA
"27","Antigua and Barbuda","ATG",2012,3.37688,NA,NA
"28","Antigua and Barbuda","ATG",2013,1.059498,NA,5
"29","Antigua and Barbuda","ATG",2014,1.089442,NA,5
"30","Antigua and Barbuda","ATG",2015,NA,NA,5
"31","Argentina","ARG",2010,NA,0.6,NA
"32","Argentina","ARG",2013,NA,NA,2
"33","Argentina","ARG",2014,NA,NA,2
"34","Argentina","ARG",2015,NA,NA,2
"35","Armenia","ARM",2010,8.181576,NA,NA
"36","Armenia","ARM",2011,7.651234,NA,NA
"37","Armenia","ARM",2012,2.555471,NA,NA
"38","Armenia","ARM",2013,5.793788,0.1,5
"39","Armenia","ARM",2014,2.980988,NA,5
"40","Armenia","ARM",2015,NA,NA,5
"41","Aruba","ABW",2010,2.077739,NA,NA
"42","Aruba","ABW",2011,4.374596,NA,NA
"43","Aruba","ABW",2012,0.5717555,NA,NA
"44","Aruba","ABW",2013,-2.372263,NA,NA
"45","Aruba","ABW",2014,0.4209982,NA,NA
"46","Australia","AUS",2010,2.845226,NA,NA
"47","Australia","AUS",2011,3.30385,NA,NA
"48","Australia","AUS",2012,1.76278,NA,NA
"49","Australia","AUS",2013,2.449889,NA,11
"50","Australia","AUS",2014,2.487923,NA,11
"51","Australia","AUS",2015,NA,NA,11
"52","Austria","AUT",2010,1.813535,NA,NA
"53","Austria","AUT",2011,3.266939,NA,NA
"54","Austria","AUT",2012,2.485675,NA,NA
"55","Austria","AUT",2013,2.000157,NA,5
"56","Austria","AUT",2014,1.605806,NA,5
"57","Austria","AUT",2015,NA,NA,5
"58","Azerbaijan","AZE",2013,NA,0,2
"59","Azerbaijan","AZE",2014,NA,NA,2
"60","Azerbaijan","AZE",2015,NA,NA,2
"61","Bahamas, The","BHS",2010,1.344027,0.6,NA
"62","Bahamas, The","BHS",2011,3.198781,NA,NA
"63","Bahamas, The","BHS",2012,1.984598,NA,NA
"64","Bahamas, The","BHS",2013,0.3468781,NA,6
"65","Bahamas, The","BHS",2014,1.504464,NA,6
"66","Bahamas, The","BHS",2015,NA,NA,6
"67","Bahrain","BHR",2010,1.961885,NA,NA
"68","Bahrain","BHR",2011,-0.3644478,NA,NA
"69","Bahrain","BHR",2012,2.754554,NA,NA
"70","Bahrain","BHR",2013,3.189248,NA,1
"71","Bahrain","BHR",2014,2.766826,NA,1
"72","Bahrain","BHR",2015,NA,NA,1
"73","Bangladesh","BGD",2010,8.126676,NA,NA
"74","Bangladesh","BGD",2011,10.7048,NA,NA
"75","Bangladesh","BGD",2012,6.218182,NA,NA
"76","Bangladesh","BGD",2013,7.529973,0.3,6
"77","Bangladesh","BGD",2014,6.991165,NA,6
"78","Bangladesh","BGD",2015,NA,NA,6
"79","Barbados","BRB",2010,5.824219,0,NA
"80","Barbados","BRB",2011,9.432202,NA,NA
"81","Barbados","BRB",2012,4.533348,NA,NA
"82","Barbados","BRB",2013,1.804006,NA,7
"83","Barbados","BRB",2014,1.88717,NA,7
"84","Barbados","BRB",2015,NA,NA,7
"85","Belarus","BLR",2013,NA,0.4,2
"86","Belarus","BLR",2014,NA,NA,2
"87","Belarus","BLR",2015,NA,NA,2
"88","Belgium","BEL",2010,2.189299,NA,NA
"89","Belgium","BEL",2011,3.532082,NA,NA
"90","Belgium","BEL",2012,2.839663,NA,NA
"91","Belgium","BEL",2013,1.113939,NA,4
"92","Belgium","BEL",2014,0.34,NA,4
"93","Belgium","BEL",2015,NA,NA,4
"94","Belize","BLZ",2010,5.579629,0.1,NA
"95","Belize","BLZ",2011,-3.653483,NA,NA
"96","Belize","BLZ",2012,1.30645,NA,NA
"97","Belize","BLZ",2013,0.6525521,NA,4
"98","Belize","BLZ",2014,0.9106647,NA,4
"99","Belize","BLZ",2015,NA,NA,4
"100","Benin","BEN",2010,2.307357,NA,NA
"101","Benin","BEN",2011,2.712801,NA,NA
"102","Benin","BEN",2012,6.753124,NA,NA
"103","Benin","BEN",2013,0.9718519,NA,6
"104","Benin","BEN",2014,-1.087212,NA,6
"105","Benin","BEN",2015,NA,NA,6
"106","Bhutan","BTN",2010,7.036383,NA,NA
"107","Bhutan","BTN",2011,8.848986,NA,NA
"108","Bhutan","BTN",2012,10.91966,NA,NA
"109","Bhutan","BTN",2013,7.006667,NA,4
"110","Bhutan","BTN",2014,8.206545,NA,4
"111","Bhutan","BTN",2015,NA,1.1,4
"112","Bolivia","BOL",2010,2.501767,0.8,NA
"113","Bolivia","BOL",2011,9.81269,NA,NA
"114","Bolivia","BOL",2012,4.586375,NA,NA
"115","Bolivia","BOL",2013,5.71558,NA,0
"116","Bolivia","BOL",2014,5.783564,NA,0
"117","Bolivia","BOL",2015,NA,NA,0
"118","Bosnia and Herzegovina","BIH",2010,2.188538,NA,NA
"119","Bosnia and Herzegovina","BIH",2011,3.675,NA,NA
"120","Bosnia and Herzegovina","BIH",2012,2.049674,NA,NA
"121","Bosnia and Herzegovina","BIH",2013,-0.08664146,0.3,7
"122","Bosnia and Herzegovina","BIH",2014,-0.9302326,NA,7
"123","Bosnia and Herzegovina","BIH",2015,NA,NA,7
"124","Botswana","BWA",2010,6.948877,1.5,NA
"125","Botswana","BWA",2011,8.458166,NA,NA
"126","Botswana","BWA",2012,7.540284,NA,NA
"127","Botswana","BWA",2013,5.883888,NA,5
"128","Botswana","BWA",2014,4.403136,NA,5
"129","Botswana","BWA",2015,NA,NA,5
"130","Brazil","BRA",2010,5.038317,NA,NA
"131","Brazil","BRA",2011,6.636199,NA,NA
"132","Brazil","BRA",2012,5.401965,NA,NA
"133","Brazil","BRA",2013,6.2019,NA,2
"134","Brazil","BRA",2014,6.332092,NA,2
"135","Brazil","BRA",2015,NA,NA,2
"136","Brunei Darussalam","BRN",2010,0.3568691,NA,NA
"137","Brunei Darussalam","BRN",2011,2.015934,NA,NA
"138","Brunei Darussalam","BRN",2012,0.4641029,NA,NA
"139","Brunei Darussalam","BRN",2013,0.3832631,NA,4
"140","Brunei Darussalam","BRN",2014,-0.1944263,NA,4
"141","Brunei Darussalam","BRN",2015,NA,NA,4
"142","Bulgaria","BGR",2010,2.438991,NA,NA
"143","Bulgaria","BGR",2011,4.219903,NA,NA
"144","Bulgaria","BGR",2012,2.954568,NA,NA
"145","Bulgaria","BGR",2013,0.8900935,0.7,9
"146","Bulgaria","BGR",2014,-1.418123,NA,9
"147","Bulgaria","BGR",2015,NA,NA,9
"148","Burkina Faso","BFA",2010,-0.7642307,NA,NA
"149","Burkina Faso","BFA",2011,2.759767,NA,NA
"150","Burkina Faso","BFA",2012,3.818152,NA,NA
"151","Burkina Faso","BFA",2013,0.5337385,NA,6
"152","Burkina Faso","BFA",2014,-0.2441387,NA,6
"153","Burkina Faso","BFA",2015,NA,NA,6
"154","Burundi","BDI",2010,6.401249,NA,NA
"155","Burundi","BDI",2011,9.735019,NA,NA
"156","Burundi","BDI",2012,18.01282,NA,NA
"157","Burundi","BDI",2013,7.950674,NA,2
"158","Burundi","BDI",2014,4.37984,0.4,2
"159","Burundi","BDI",2015,NA,NA,2
"160","Cabo Verde","CPV",2010,2.078665,NA,NA
"161","Cabo Verde","CPV",2011,4.473883,NA,NA
"162","Cabo Verde","CPV",2012,2.543294,NA,NA
"163","Cabo Verde","CPV",2013,1.512154,NA,2
"164","Cabo Verde","CPV",2014,-0.2436308,NA,2
"165","Cabo Verde","CPV",2015,NA,NA,2
"166","Cambodia","KHM",2010,3.99623,NA,NA
"167","Cambodia","KHM",2011,5.478587,NA,NA
"168","Cambodia","KHM",2012,2.932725,NA,NA
"169","Cambodia","KHM",2013,2.9426,0.5,11
"170","Cambodia","KHM",2014,3.855239,NA,11
"171","Cambodia","KHM",2015,NA,NA,11
"172","Cameroon","CMR",2010,1.27538,NA,NA
"173","Cameroon","CMR",2011,2.939699,NA,NA
"174","Cameroon","CMR",2012,2.94251,NA,NA
"175","Cameroon","CMR",2013,1.945145,NA,6
"176","Cameroon","CMR",2014,1.947948,NA,6
"177","Cameroon","CMR",2015,NA,NA,6
"178","Canada","CAN",2010,1.776872,NA,NA
"179","Canada","CAN",2011,2.912135,NA,NA
"180","Canada","CAN",2012,1.515678,NA,NA
"181","Canada","CAN",2013,0.9382919,NA,9
"182","Canada","CAN",2014,1.906636,NA,9
"183","Canada","CAN",2015,NA,NA,9
"184","Caribbean small states","CSS",2010,3.370025,NA,NA
"185","Caribbean small states","CSS",2011,3.45675,NA,NA
"186","Caribbean small states","CSS",2012,2.598444,NA,NA
"187","Caribbean small states","CSS",2013,1.059498,0.5846154,5.076923
"188","Caribbean small states","CSS",2014,1.296953,NA,5.461538
"189","Caribbean small states","CSS",2015,NA,NA,5.461538
"190","Central African Republic","CAF",2010,1.493234,NA,NA
"191","Central African Republic","CAF",2011,1.30057,4.7,NA
"192","Central African Republic","CAF",2012,5.772251,NA,NA
"193","Central African Republic","CAF",2013,1.501845,NA,6
"194","Central African Republic","CAF",2014,NA,NA,6
"195","Central African Republic","CAF",2015,NA,NA,6
"196","Chad","TCD",2010,-2.077866,NA,NA
"197","Chad","TCD",2011,-3.704296,NA,NA
"198","Chad","TCD",2012,14.01821,NA,NA
"199","Chad","TCD",2013,0.145451,NA,6
"200","Chad","TCD",2014,1.680836,NA,6
"201","Chad","TCD",2015,NA,NA,6
"202","Chile","CHL",2010,1.409965,0.8,NA
"203","Chile","CHL",2011,3.340318,NA,NA
"204","Chile","CHL",2012,3.00652,NA,NA
"205","Chile","CHL",2013,1.791711,NA,4
"206","Chile","CHL",2014,4.395,NA,4
"207","Chile","CHL",2015,NA,NA,4
"208","China","CHN",2011,5.4,NA,NA
"209","China","CHN",2012,2.624921,0,NA
"210","China","CHN",2013,2.627119,NA,4
"211","China","CHN",2014,1.996847,NA,4
"212","China","CHN",2015,NA,NA,4
"213","Colombia","COL",2010,2.27822,0.3,NA
"214","Colombia","COL",2011,3.411616,NA,NA
"215","Colombia","COL",2012,3.176934,NA,NA
"216","Colombia","COL",2013,2.022775,NA,4
"217","Colombia","COL",2014,2.87781,NA,12
"218","Colombia","COL",2015,NA,NA,12
"219","Comoros","COM",2013,NA,NA,6
"220","Comoros","COM",2014,NA,NA,6
"221","Comoros","COM",2015,NA,NA,6
"222","Congo, Dem. Rep.","ZAR",2010,7.1,1.8,NA
"223","Congo, Dem. Rep.","ZAR",2011,15.31652,NA,NA
"224","Congo, Dem. Rep.","ZAR",2012,9.721828,NA,NA
"225","Congo, Dem. Rep.","ZAR",2013,1.632925,1.6,6
"226","Congo, Dem. Rep.","ZAR",2014,NA,NA,6
"227","Congo, Dem. Rep.","ZAR",2015,NA,NA,6
"228","Congo, Rep.","COG",2010,4.998505,NA,NA
"229","Congo, Rep.","COG",2011,1.325758,NA,NA
"230","Congo, Rep.","COG",2012,3.890147,NA,NA
"231","Congo, Rep.","COG",2013,5.968929,NA,6
"232","Congo, Rep.","COG",2014,0.07716049,NA,6
"233","Congo, Rep.","COG",2015,NA,NA,6
"234","Costa Rica","CRI",2010,5.660231,0.4,NA
"235","Costa Rica","CRI",2011,4.883012,NA,NA
"236","Costa Rica","CRI",2012,4.504068,NA,NA
"237","Costa Rica","CRI",2013,5.224286,NA,2
"238","Costa Rica","CRI",2014,4.515313,NA,2
"239","Costa Rica","CRI",2015,NA,NA,10
"240","Cote d'Ivoire","CIV",2010,1.675665,NA,NA
"241","Cote d'Ivoire","CIV",2011,4.905476,NA,NA
"242","Cote d'Ivoire","CIV",2012,1.312723,NA,NA
"243","Cote d'Ivoire","CIV",2013,2.569961,NA,6
"244","Cote d'Ivoire","CIV",2014,0.4619456,NA,6
"245","Cote d'Ivoire","CIV",2015,NA,NA,6
"246","Croatia","HRV",2010,1.035615,NA,NA
"247","Croatia","HRV",2011,2.25,NA,NA
"248","Croatia","HRV",2012,3.422983,NA,NA
"249","Croatia","HRV",2013,2.206462,0.4,5
"250","Croatia","HRV",2014,-0.2081727,NA,5
"251","Croatia","HRV",2015,NA,NA,5
"252","Cyprus","CYP",2010,2.381258,NA,NA
"253","Cyprus","CYP",2011,3.289449,NA,NA
"254","Cyprus","CYP",2012,2.389769,NA,NA
"255","Cyprus","CYP",2013,-0.4000531,NA,7
"256","Cyprus","CYP",2014,-1.354989,NA,7
"257","Cyprus","CYP",2015,NA,NA,7
"258","Czech Republic","CZE",2010,1.408718,NA,NA
"259","Czech Republic","CZE",2011,1.936389,NA,NA
"260","Czech Republic","CZE",2012,3.299073,NA,NA
"261","Czech Republic","CZE",2013,1.434727,0.5,5
"262","Czech Republic","CZE",2014,0.3371869,NA,7
"263","Czech Republic","CZE",2015,NA,NA,7
"264","Denmark","DNK",2010,2.29773,NA,NA
"265","Denmark","DNK",2011,2.756602,NA,NA
"266","Denmark","DNK",2012,2.411075,NA,NA
"267","Denmark","DNK",2013,0.7826143,NA,8
"268","Denmark","DNK",2014,0.5647542,NA,8
"269","Denmark","DNK",2015,NA,NA,8
"270","Djibouti","DJI",2010,3.950079,NA,NA
"271","Djibouti","DJI",2011,5.068714,NA,NA
"272","Djibouti","DJI",2012,3.73121,NA,NA
"273","Djibouti","DJI",2013,2.420593,0.5,1
"274","Djibouti","DJI",2014,2.887276,NA,1
"275","Djibouti","DJI",2015,NA,NA,1
"276","Dominica","DMA",2010,3.207443,0,NA
"277","Dominica","DMA",2011,2.387631,NA,NA
"278","Dominica","DMA",2012,1.356771,NA,NA
"279","Dominica","DMA",2013,-0.04641165,NA,6
"280","Dominica","DMA",2014,0.7991398,NA,6
"281","Dominica","DMA",2015,NA,NA,6
"282","Dominican Republic","DOM",2010,6.329932,0.7,NA
"283","Dominican Republic","DOM",2011,8.460169,NA,NA
"284","Dominican Republic","DOM",2012,3.694525,NA,NA
"285","Dominican Republic","DOM",2013,4.830951,NA,1
"286","Dominican Republic","DOM",2014,2.998642,NA,1
"287","Dominican Republic","DOM",2015,NA,NA,1
"288","Ecuador","ECU",2010,3.556124,1,NA
"289","Ecuador","ECU",2011,4.474554,NA,NA
"290","Ecuador","ECU",2012,5.100653,NA,NA
"291","Ecuador","ECU",2013,2.738632,NA,1
"292","Ecuador","ECU",2014,3.573128,NA,1
"293","Ecuador","ECU",2015,NA,NA,1
"294","Egypt, Arab Rep.","EGY",2010,11.26519,NA,NA
"295","Egypt, Arab Rep.","EGY",2011,10.05392,NA,NA
"296","Egypt, Arab Rep.","EGY",2012,7.118156,NA,NA
"297","Egypt, Arab Rep.","EGY",2013,9.421577,0.6,2
"298","Egypt, Arab Rep.","EGY",2014,10.1458,NA,2
"299","Egypt, Arab Rep.","EGY",2015,NA,NA,2
"300","El Salvador","SLV",2010,0.9078069,1.6,NA
"301","El Salvador","SLV",2011,5.128924,NA,NA
"302","El Salvador","SLV",2012,1.729578,NA,NA
"303","El Salvador","SLV",2013,0.7578245,NA,3
"304","El Salvador","SLV",2014,1.14058,NA,3
"305","El Salvador","SLV",2015,NA,NA,9
"306","Equatorial Guinea","GNQ",2010,7.789165,NA,NA
"307","Equatorial Guinea","GNQ",2011,6.946532,NA,NA
"308","Equatorial Guinea","GNQ",2012,6.146775,NA,NA
"309","Equatorial Guinea","GNQ",2013,6.35324,NA,6
"310","Equatorial Guinea","GNQ",2014,NA,NA,6
"311","Equatorial Guinea","GNQ",2015,NA,NA,6
"312","Eritrea","ERI",2013,NA,NA,0
"313","Eritrea","ERI",2014,NA,NA,0
"314","Eritrea","ERI",2015,NA,NA,0
"315","Estonia","EST",2010,2.97558,NA,NA
"316","Estonia","EST",2011,4.977615,NA,NA
"317","Estonia","EST",2012,3.934922,NA,NA
"318","Estonia","EST",2013,2.788497,0.2,7
"319","Estonia","EST",2014,-0.1448155,NA,7
"320","Estonia","EST",2015,NA,NA,7
"321","Ethiopia","ETH",2010,8.136941,NA,NA
"322","Ethiopia","ETH",2011,33.22422,0.3,NA
"323","Ethiopia","ETH",2012,22.77046,NA,NA
"324","Ethiopia","ETH",2013,8.078472,NA,3
"325","Ethiopia","ETH",2014,7.391814,NA,3
"326","Ethiopia","ETH",2015,NA,NA,3
"327","Fiji","FJI",2010,3.680015,NA,NA
"328","Fiji","FJI",2011,7.286544,NA,NA
"329","Fiji","FJI",2012,3.408333,NA,NA
"330","Fiji","FJI",2013,2.909179,NA,5
"331","Fiji","FJI",2014,0.5403289,NA,5
"332","Fiji","FJI",2015,NA,NA,5
"333","Finland","FIN",2010,1.21098,NA,NA
"334","Finland","FIN",2011,3.416809,NA,NA
"335","Finland","FIN",2012,2.808332,NA,NA
"336","Finland","FIN",2013,1.475937,NA,7
"337","Finland","FIN",2014,1.043541,NA,7
"338","Finland","FIN",2015,NA,NA,7
"339","France","FRA",2010,1.529639,NA,NA
"340","France","FRA",2011,2.117487,NA,NA
"341","France","FRA",2012,1.955686,NA,NA
"342","France","FRA",2013,0.8636069,NA,4
"343","France","FRA",2014,0.5077007,NA,4
"344","France","FRA",2015,NA,NA,4
"345","Gabon","GAB",2010,1.461544,NA,NA
"346","Gabon","GAB",2011,1.269343,NA,NA
"347","Gabon","GAB",2012,2.661784,NA,NA
"348","Gabon","GAB",2013,0.4801427,NA,6
"349","Gabon","GAB",2014,4.655608,NA,6
"350","Gabon","GAB",2015,NA,NA,6
"351","Gambia, The","GMB",2010,5.048937,NA,NA
"352","Gambia, The","GMB",2011,4.796485,NA,NA
"353","Gambia, The","GMB",2012,4.254535,NA,NA
"354","Gambia, The","GMB",2013,5.69973,NA,4
"355","Gambia, The","GMB",2014,5.947375,NA,4
"356","Gambia, The","GMB",2015,NA,NA,4
"357","Georgia","GEO",2010,7.111018,NA,NA
"358","Georgia","GEO",2011,8.543256,NA,NA
"359","Georgia","GEO",2012,-0.943705,NA,NA
"360","Georgia","GEO",2013,-0.5120521,0,9
"361","Georgia","GEO",2014,3.068871,NA,9
"362","Georgia","GEO",2015,NA,NA,9
"363","Germany","DEU",2010,1.103809,NA,NA
"364","Germany","DEU",2011,2.075173,NA,NA
"365","Germany","DEU",2012,2.008491,NA,NA
"366","Germany","DEU",2013,1.504722,NA,6
"367","Germany","DEU",2014,0.906797,NA,6
"368","Germany","DEU",2015,NA,NA,6
"369","Ghana","GHA",2010,10.70757,NA,NA
"370","Ghana","GHA",2011,8.726837,NA,NA
"371","Ghana","GHA",2012,9.160778,NA,NA
"372","Ghana","GHA",2013,11.60833,1.2,7
"373","Ghana","GHA",2014,15.49317,NA,7
"374","Ghana","GHA",2015,NA,NA,7
"375","Greece","GRC",2010,4.712982,NA,NA
"376","Greece","GRC",2011,3.32987,NA,NA
"377","Greece","GRC",2012,1.50152,NA,NA
"378","Greece","GRC",2013,-0.9212719,NA,3
"379","Greece","GRC",2014,-1.312242,NA,3
"380","Greece","GRC",2015,NA,NA,3
"381","Grenada","GRD",2010,3.436509,1.5,NA
"382","Grenada","GRD",2011,3.033473,NA,NA
"383","Grenada","GRD",2012,2.410777,NA,NA
"384","Grenada","GRD",2013,-0.04422855,NA,6
"385","Grenada","GRD",2014,-0.9467573,NA,6
"386","Grenada","GRD",2015,NA,NA,6
"387","Guatemala","GTM",2010,3.859509,1.3,NA
"388","Guatemala","GTM",2011,6.215342,NA,NA
"389","Guatemala","GTM",2012,3.7825,NA,NA
"390","Guatemala","GTM",2013,4.343371,NA,9
"391","Guatemala","GTM",2014,3.418362,NA,9
"392","Guatemala","GTM",2015,NA,NA,9
"393","Guinea","GIN",2010,15.46198,NA,NA
"394","Guinea","GIN",2011,21.35047,NA,NA
"395","Guinea","GIN",2012,15.22456,NA,NA
"396","Guinea","GIN",2013,11.88842,NA,6
"397","Guinea","GIN",2014,9.713977,NA,6
"398","Guinea","GIN",2015,NA,NA,6
"399","Guinea-Bissau","GNB",2010,2.517851,NA,NA
"400","Guinea-Bissau","GNB",2011,5.046102,NA,NA
"401","Guinea-Bissau","GNB",2012,2.130546,NA,NA
"402","Guinea-Bissau","GNB",2013,1.207126,NA,6
"403","Guinea-Bissau","GNB",2014,-1.509245,NA,6
"404","Guinea-Bissau","GNB",2015,NA,NA,6
"405","Guyana","GUY",2010,2.086667,1,NA
"406","Guyana","GUY",2011,4.977736,NA,NA
"407","Guyana","GUY",2012,2.391935,NA,NA
"408","Guyana","GUY",2013,1.832451,NA,3
"409","Guyana","GUY",2014,NA,NA,3
"410","Guyana","GUY",2015,NA,NA,3
"411","Haiti","HTI",2010,5.696511,NA,NA
"412","Haiti","HTI",2011,8.411071,NA,NA
"413","Haiti","HTI",2012,6.279665,NA,NA
"414","Haiti","HTI",2013,5.853473,NA,2
"415","Haiti","HTI",2014,4.566174,NA,2
"416","Haiti","HTI",2015,NA,NA,2
"417","Honduras","HND",2010,4.70055,2.2,NA
"418","Honduras","HND",2011,6.76228,NA,NA
"419","Honduras","HND",2012,5.196186,NA,NA
"420","Honduras","HND",2013,5.161899,NA,9
"421","Honduras","HND",2014,6.129249,NA,9
"422","Honduras","HND",2015,NA,NA,9
"423","Hong Kong SAR, China","HKG",2010,2.337398,NA,NA
"424","Hong Kong SAR, China","HKG",2011,5.263158,NA,NA
"425","Hong Kong SAR, China","HKG",2012,4.056604,NA,NA
"426","Hong Kong SAR, China","HKG",2013,4.351768,NA,7
"427","Hong Kong SAR, China","HKG",2014,4.43093,NA,7
"428","Hong Kong SAR, China","HKG",2015,NA,NA,8
"429","Hungary","HUN",2010,4.881345,NA,NA
"430","Hungary","HUN",2011,3.957267,NA,NA
"431","Hungary","HUN",2012,5.705829,NA,NA
"432","Hungary","HUN",2013,1.725839,0,6
"433","Hungary","HUN",2014,-0.2380186,NA,10
"434","Hungary","HUN",2015,NA,NA,10
"435","Iceland","ISL",2010,5.393596,NA,NA
"436","Iceland","ISL",2011,3.990413,NA,NA
"437","Iceland","ISL",2012,5.195291,NA,NA
"438","Iceland","ISL",2013,3.884645,NA,5
"439","Iceland","ISL",2014,2.035,NA,5
"440","Iceland","ISL",2015,NA,NA,5
"441","India","IND",2010,11.9923,NA,NA
"442","India","IND",2011,8.857845,NA,NA
"443","India","IND",2012,9.312446,NA,NA
"444","India","IND",2013,10.90764,NA,6
"445","India","IND",2014,6.353195,0.1,6
"446","India","IND",2015,NA,NA,6
"447","Indonesia","IDN",2010,5.132755,NA,NA
"448","Indonesia","IDN",2011,5.3575,NA,NA
"449","Indonesia","IDN",2012,4.279512,NA,NA
"450","Indonesia","IDN",2013,6.413387,NA,4
"451","Indonesia","IDN",2014,6.394925,NA,4
"452","Indonesia","IDN",2015,NA,NA,5
"453","Iran, Islamic Rep.","IRN",2010,10.13715,NA,NA
"454","Iran, Islamic Rep.","IRN",2011,20.62833,NA,NA
"455","Iran, Islamic Rep.","IRN",2012,27.35739,NA,NA
"456","Iran, Islamic Rep.","IRN",2013,39.26636,NA,2
"457","Iran, Islamic Rep.","IRN",2014,17.23536,NA,2
"458","Iran, Islamic Rep.","IRN",2015,NA,NA,2
"459","Iraq","IRQ",2010,2.877747,NA,NA
"460","Iraq","IRQ",2011,5.801455,0.8,NA
"461","Iraq","IRQ",2012,6.089096,NA,NA
"462","Iraq","IRQ",2013,1.879498,NA,1
"463","Iraq","IRQ",2014,2.235974,NA,1
"464","Iraq","IRQ",2015,NA,NA,1
"465","Ireland","IRL",2010,-0.9461664,NA,NA
"466","Ireland","IRL",2011,2.57887,NA,NA
"467","Ireland","IRL",2012,1.692785,NA,NA
"468","Ireland","IRL",2013,0.5026782,NA,7
"469","Ireland","IRL",2014,0.1967858,NA,7
"470","Ireland","IRL",2015,NA,NA,7
"471","Israel","ISR",2010,2.692959,NA,NA
"472","Israel","ISR",2011,3.459195,NA,NA
"473","Israel","ISR",2012,1.707612,NA,NA
"474","Israel","ISR",2013,1.525873,0.1,6
"475","Israel","ISR",2014,0.475956,NA,6
"476","Israel","ISR",2015,NA,NA,6
"477","Italy","ITA",2010,1.539893,NA,NA
"478","Italy","ITA",2011,2.741438,NA,NA
"479","Italy","ITA",2012,3.041363,NA,NA
"480","Italy","ITA",2013,1.219992,NA,2
"481","Italy","ITA",2014,0.2410575,NA,2
"482","Italy","ITA",2015,NA,NA,2
"483","Jamaica","JAM",2010,12.60951,0.4,NA
"484","Jamaica","JAM",2011,7.529692,NA,NA
"485","Jamaica","JAM",2012,6.898248,NA,NA
"486","Jamaica","JAM",2013,9.344403,NA,6
"487","Jamaica","JAM",2014,8.290006,NA,10
"488","Jamaica","JAM",2015,NA,NA,10
"489","Japan","JPN",2010,-0.7197816,NA,NA
"490","Japan","JPN",2011,-0.2833333,NA,NA
"491","Japan","JPN",2012,-0.03342805,NA,NA
"492","Japan","JPN",2013,0.3594717,NA,4
"493","Japan","JPN",2014,2.748855,NA,4
"494","Japan","JPN",2015,NA,NA,4
"495","Jordan","JOR",2010,5.013942,NA,NA
"496","Jordan","JOR",2011,4.409979,NA,NA
"497","Jordan","JOR",2012,4.76795,NA,NA
"498","Jordan","JOR",2013,5.468989,0.3,0
"499","Jordan","JOR",2014,2.808565,NA,0
"500","Jordan","JOR",2015,NA,NA,0
"501","Kazakhstan","KAZ",2010,7.115814,NA,NA
"502","Kazakhstan","KAZ",2011,8.348569,NA,NA
"503","Kazakhstan","KAZ",2012,5.113709,NA,NA
"504","Kazakhstan","KAZ",2013,5.836702,0.4,3
"505","Kazakhstan","KAZ",2014,6.718307,NA,3
"506","Kazakhstan","KAZ",2015,NA,NA,4
"507","Kenya","KEN",2010,3.961389,NA,NA
"508","Kenya","KEN",2011,14.02155,NA,NA
"509","Kenya","KEN",2012,9.378396,NA,NA
"510","Kenya","KEN",2013,5.718274,1.3,7
"511","Kenya","KEN",2014,6.877498,NA,7
"512","Kenya","KEN",2015,NA,NA,7
"513","Kiribati","KIR",2013,NA,NA,4
"514","Kiribati","KIR",2014,NA,NA,4
"515","Kiribati","KIR",2015,NA,NA,4
"516","Korea, Rep.","KOR",2010,2.955863,NA,NA
"517","Korea, Rep.","KOR",2011,4,NA,NA
"518","Korea, Rep.","KOR",2012,2.192308,NA,NA
"519","Korea, Rep.","KOR",2013,1.307866,NA,5
"520","Korea, Rep.","KOR",2014,1.272406,NA,5
"521","Korea, Rep.","KOR",2015,NA,NA,5
"522","Kosovo","KSV",2010,3.480508,NA,NA
"523","Kosovo","KSV",2011,7.336418,NA,NA
"524","Kosovo","KSV",2012,2.476738,NA,NA
"525","Kosovo","KSV",2013,1.762585,0.5,8
"526","Kosovo","KSV",2014,0.433014,NA,8
"527","Kosovo","KSV",2015,NA,NA,8
"528","Kuwait","KWT",2010,4.496403,NA,NA
"529","Kuwait","KWT",2011,4.905336,NA,NA
"530","Kuwait","KWT",2012,3.199344,NA,NA
"531","Kuwait","KWT",2013,2.702703,NA,2
"532","Kuwait","KWT",2014,2.908901,NA,2
"533","Kuwait","KWT",2015,NA,NA,2
"534","Kyrgyz Republic","KGZ",2010,7.967722,NA,NA
"535","Kyrgyz Republic","KGZ",2011,16.49588,NA,NA
"536","Kyrgyz Republic","KGZ",2012,2.687027,NA,NA
"537","Kyrgyz Republic","KGZ",2013,6.606536,0.4,8
"538","Kyrgyz Republic","KGZ",2014,7.534247,NA,8
"539","Kyrgyz Republic","KGZ",2015,NA,NA,8
"540","Lao PDR","LAO",2010,5.982317,NA,NA
"541","Lao PDR","LAO",2011,7.576924,NA,NA
"542","Lao PDR","LAO",2012,4.256942,0.6,NA
"543","Lao PDR","LAO",2013,6.364939,NA,2
"544","Lao PDR","LAO",2014,4.135226,NA,6
"545","Lao PDR","LAO",2015,NA,NA,6
"546","Latvia","LVA",2010,-1.094196,NA,NA
"547","Latvia","LVA",2011,4.401154,NA,NA
"548","Latvia","LVA",2012,2.211472,NA,NA
"549","Latvia","LVA",2013,0,0.2,9
"550","Latvia","LVA",2014,0.631057,NA,9
"551","Latvia","LVA",2015,NA,NA,9
"552","Lebanon","LBN",2010,3.989841,NA,NA
"553","Lebanon","LBN",2013,5.543829,0.2,2
"554","Lebanon","LBN",2014,0.7497186,NA,2
"555","Lebanon","LBN",2015,NA,NA,2
"556","Lesotho","LSO",2010,3.597811,NA,NA
"557","Lesotho","LSO",2011,5.024817,NA,NA
"558","Lesotho","LSO",2012,6.103593,NA,NA
"559","Lesotho","LSO",2013,4.928341,NA,5
"560","Lesotho","LSO",2014,5.340362,NA,5
"561","Lesotho","LSO",2015,NA,NA,5
"562","Liberia","LBR",2010,7.291037,NA,NA
"563","Liberia","LBR",2011,8.4866,NA,NA
"564","Liberia","LBR",2012,6.834768,NA,NA
"565","Liberia","LBR",2013,7.574898,NA,4
"566","Liberia","LBR",2014,9.826358,NA,4
"567","Liberia","LBR",2015,NA,NA,8
"568","Libya","LBY",2010,2.799895,NA,NA
"569","Libya","LBY",2011,15.51848,NA,NA
"570","Libya","LBY",2012,6.059804,NA,NA
"571","Libya","LBY",2013,2.605818,NA,0
"572","Libya","LBY",2014,NA,NA,0
"573","Libya","LBY",2015,NA,NA,0
"574","Lithuania","LTU",2010,1.334234,NA,NA
"575","Lithuania","LTU",2011,4.133333,NA,NA
"576","Lithuania","LTU",2012,3.086964,NA,NA
"577","Lithuania","LTU",2013,1.047467,0.6,6
"578","Lithuania","LTU",2014,0.1064941,NA,6
"579","Lithuania","LTU",2015,NA,NA,6
"580","Luxembourg","LUX",2010,2.273405,NA,NA
"581","Luxembourg","LUX",2011,3.409796,NA,NA
"582","Luxembourg","LUX",2012,2.6642,NA,NA
"583","Luxembourg","LUX",2013,1.734031,NA,3
"584","Luxembourg","LUX",2014,0.6297491,NA,3
"585","Luxembourg","LUX",2015,NA,NA,3
"586","Macao SAR, China","MAC",2010,2.809706,NA,NA
"587","Macao SAR, China","MAC",2011,5.801242,NA,NA
"588","Macao SAR, China","MAC",2012,6.105436,NA,NA
"589","Macao SAR, China","MAC",2013,5.510678,NA,NA
"590","Macao SAR, China","MAC",2014,6.040902,NA,NA
"591","Macedonia, FYR","MKD",2010,1.509975,NA,NA
"592","Macedonia, FYR","MKD",2011,3.904754,NA,NA
"593","Macedonia, FYR","MKD",2012,3.316056,NA,NA
"594","Macedonia, FYR","MKD",2013,2.784384,0.4,6
"595","Macedonia, FYR","MKD",2014,-0.2810181,NA,6
"596","Macedonia, FYR","MKD",2015,NA,NA,6
"597","Madagascar","MDG",2010,9.246717,NA,NA
"598","Madagascar","MDG",2011,9.48254,NA,NA
"599","Madagascar","MDG",2012,6.358699,NA,NA
"600","Madagascar","MDG",2013,5.826429,1,1
"601","Madagascar","MDG",2014,6.080595,NA,1
"602","Madagascar","MDG",2015,NA,NA,3
"603","Malawi","MWI",2010,7.411591,NA,NA
"604","Malawi","MWI",2011,7.622823,NA,NA
"605","Malawi","MWI",2012,21.27127,NA,NA
"606","Malawi","MWI",2013,27.28333,NA,5
"607","Malawi","MWI",2014,24.43368,2.2,5
"608","Malawi","MWI",2015,NA,NA,5
"609","Malaysia","MYS",2010,1.710037,NA,NA
"610","Malaysia","MYS",2011,3.2,NA,NA
"611","Malaysia","MYS",2012,1.655362,NA,NA
"612","Malaysia","MYS",2013,2.105012,NA,7
"613","Malaysia","MYS",2014,3.142991,NA,7
"614","Malaysia","MYS",2015,NA,NA,7
"615","Maldives","MDV",2010,6.609167,NA,NA
"616","Maldives","MDV",2011,12.82983,NA,NA
"617","Maldives","MDV",2012,12.13072,NA,NA
"618","Maldives","MDV",2013,2.314011,NA,2
"619","Maldives","MDV",2014,2.120113,NA,2
"620","Maldives","MDV",2015,NA,NA,2
"621","Mali","MLI",2010,1.108927,0.5,NA
"622","Mali","MLI",2011,2.855534,NA,NA
"623","Mali","MLI",2012,5.427387,NA,NA
"624","Mali","MLI",2013,-0.6062217,NA,6
"625","Mali","MLI",2014,0.8927703,NA,6
"626","Mali","MLI",2015,NA,NA,6
"627","Malta","MLT",2010,1.516834,NA,NA
"628","Malta","MLT",2011,2.721905,NA,NA
"629","Malta","MLT",2012,2.417625,NA,NA
"630","Malta","MLT",2013,1.374906,NA,2
"631","Malta","MLT",2014,0.3115001,NA,2
"632","Malta","MLT",2015,NA,NA,2
"633","Marshall Islands","MHL",2013,NA,NA,10
"634","Marshall Islands","MHL",2014,NA,NA,10
"635","Marshall Islands","MHL",2015,NA,NA,10
"636","Mauritania","MRT",2010,6.283541,NA,NA
"637","Mauritania","MRT",2011,5.642433,NA,NA
"638","Mauritania","MRT",2012,4.93588,NA,NA
"639","Mauritania","MRT",2013,4.129642,NA,2
"640","Mauritania","MRT",2014,3.535219,0.9,2
"641","Mauritania","MRT",2015,NA,NA,2
"642","Mauritius","MUS",2010,2.892969,NA,NA
"643","Mauritius","MUS",2011,6.531354,NA,NA
"644","Mauritius","MUS",2012,3.85216,NA,NA
"645","Mauritius","MUS",2013,3.543296,NA,6
"646","Mauritius","MUS",2014,3.217692,NA,6
"647","Mauritius","MUS",2015,NA,NA,6
"648","Mexico","MEX",2010,4.156728,1.4,NA
"649","Mexico","MEX",2011,3.40738,NA,NA
"650","Mexico","MEX",2012,4.111509,NA,NA
"651","Mexico","MEX",2013,3.80639,NA,7
"652","Mexico","MEX",2014,4.018617,NA,8
"653","Mexico","MEX",2015,NA,NA,10
"654","Micronesia, Fed. Sts.","FSM",2013,NA,NA,11
"655","Micronesia, Fed. Sts.","FSM",2014,NA,NA,11
"656","Micronesia, Fed. Sts.","FSM",2015,NA,NA,11
"657","Middle income","MIC",2010,4.462753,NA,NA
"658","Middle income","MIC",2011,5.838629,NA,NA
"659","Middle income","MIC",2012,4.39179,NA,NA
"660","Middle income","MIC",2013,4.236507,0.9534884,4.54
"661","Middle income","MIC",2014,3.46842,NA,4.73
"662","Middle income","MIC",2015,NA,NA,4.96
"663","Moldova","MDA",2010,7.352251,NA,NA
"664","Moldova","MDA",2011,7.610607,NA,NA
"665","Moldova","MDA",2012,4.639519,NA,NA
"666","Moldova","MDA",2013,4.64179,0.1,8
"667","Moldova","MDA",2014,5.088786,NA,8
"668","Moldova","MDA",2015,NA,NA,8
"669","Mongolia","MNG",2010,10.14963,NA,NA
"670","Mongolia","MNG",2011,9.484093,NA,NA
"671","Mongolia","MNG",2012,14.98449,NA,NA
"672","Mongolia","MNG",2013,8.604828,0.6,5
"673","Mongolia","MNG",2014,13.02465,NA,5
"674","Mongolia","MNG",2015,NA,NA,5
"675","Montenegro","MNE",2010,0.6549466,NA,NA
"676","Montenegro","MNE",2011,3.450143,NA,NA
"677","Montenegro","MNE",2012,4.145247,NA,NA
"678","Montenegro","MNE",2013,2.205893,0.6,12
"679","Montenegro","MNE",2014,-0.7105141,NA,12
"680","Montenegro","MNE",2015,NA,NA,12
"681","Morocco","MAR",2010,0.9873553,NA,NA
"682","Morocco","MAR",2011,0.9223603,NA,NA
"683","Morocco","MAR",2012,1.278741,NA,NA
"684","Morocco","MAR",2013,1.887502,0.3,2
"685","Morocco","MAR",2014,0.4354565,NA,2
"686","Morocco","MAR",2015,NA,NA,2
"687","Mozambique","MOZ",2010,12.70124,NA,NA
"688","Mozambique","MOZ",2011,10.35113,NA,NA
"689","Mozambique","MOZ",2012,2.680855,NA,NA
"690","Mozambique","MOZ",2013,4.261353,NA,1
"691","Mozambique","MOZ",2014,2.559749,NA,1
"692","Mozambique","MOZ",2015,NA,NA,1
"693","Myanmar","MMR",2010,7.718382,NA,NA
"694","Myanmar","MMR",2011,5.02146,NA,NA
"695","Myanmar","MMR",2012,1.467583,NA,NA
"696","Myanmar","MMR",2013,5.524279,NA,2
"697","Myanmar","MMR",2014,5.474465,0.1,2
"698","Myanmar","MMR",2015,NA,NA,2
"699","Namibia","NAM",2010,4.87492,NA,NA
"700","Namibia","NAM",2011,5.005595,NA,NA
"701","Namibia","NAM",2012,6.721998,NA,NA
"702","Namibia","NAM",2013,5.600925,NA,5
"703","Namibia","NAM",2014,5.35017,2.3,5
"704","Namibia","NAM",2015,NA,NA,5
"705","Nepal","NPL",2010,9.324001,NA,NA
"706","Nepal","NPL",2011,9.271714,NA,NA
"707","Nepal","NPL",2012,9.454181,NA,NA
"708","Nepal","NPL",2013,9.042681,1.1,6
"709","Nepal","NPL",2014,8.367979,NA,6
"710","Nepal","NPL",2015,NA,NA,6
"711","Netherlands","NLD",2010,1.275553,NA,NA
"712","Netherlands","NLD",2011,2.340944,NA,NA
"713","Netherlands","NLD",2012,2.454489,NA,NA
"714","Netherlands","NLD",2013,2.499944,NA,3
"715","Netherlands","NLD",2014,0.9590235,NA,3
"716","Netherlands","NLD",2015,NA,NA,3
"717","New Zealand","NZL",2010,2.302026,NA,NA
"718","New Zealand","NZL",2011,4.432943,NA,NA
"719","New Zealand","NZL",2012,0.8834303,NA,NA
"720","New Zealand","NZL",2013,1.302862,NA,12
"721","New Zealand","NZL",2014,0.9065992,NA,12
"722","New Zealand","NZL",2015,NA,NA,12
"723","Nicaragua","NIC",2010,5.454855,2.2,NA
"724","Nicaragua","NIC",2011,8.082673,NA,NA
"725","Nicaragua","NIC",2012,7.193614,NA,NA
"726","Nicaragua","NIC",2013,7.135381,NA,1
"727","Nicaragua","NIC",2014,6.035792,NA,1
"728","Nicaragua","NIC",2015,NA,NA,1
"729","Niger","NER",2010,0.8040731,NA,NA
"730","Niger","NER",2011,2.942385,NA,NA
"731","Niger","NER",2012,0.4550898,NA,NA
"732","Niger","NER",2013,2.298522,NA,6
"733","Niger","NER",2014,-0.7862515,NA,6
"734","Niger","NER",2015,NA,NA,6
"735","Nigeria","NGA",2010,13.7202,NA,NA
"736","Nigeria","NGA",2011,10.84079,NA,NA
"737","Nigeria","NGA",2012,12.21701,NA,NA
"738","Nigeria","NGA",2013,8.475827,NA,6
"739","Nigeria","NGA",2014,8.057383,1.8,6
"740","Nigeria","NGA",2015,NA,NA,6
"741","North America","NAC",2010,1.708457,NA,NA
"742","North America","NAC",2011,3.034488,NA,NA
"743","North America","NAC",2012,1.792508,NA,NA
"744","North America","NAC",2013,1.201562,NA,10
"745","North America","NAC",2014,1.764429,NA,10
"746","North America","NAC",2015,NA,NA,10
"747","Norway","NOR",2010,2.399258,NA,NA
"748","Norway","NOR",2011,1.300971,NA,NA
"749","Norway","NOR",2012,0.7092199,NA,NA
"750","Norway","NOR",2013,2.131709,NA,5
"751","Norway","NOR",2014,2.025096,NA,5
"752","Norway","NOR",2015,NA,NA,5
"753","Oman","OMN",2010,3.203396,NA,NA
"754","Oman","OMN",2011,4.070057,NA,NA
"755","Oman","OMN",2012,2.910703,NA,NA
"756","Oman","OMN",2013,1.245417,NA,1
"757","Oman","OMN",2014,1.014015,NA,1
"758","Oman","OMN",2015,NA,NA,1
"759","Other small states","OSS",2010,4.509237,NA,NA
"760","Other small states","OSS",2011,5.068714,NA,NA
"761","Other small states","OSS",2012,6.146775,NA,NA
"762","Other small states","OSS",2013,4.928341,1.51,4.222222
"763","Other small states","OSS",2014,3.810414,NA,4.222222
"764","Other small states","OSS",2015,NA,NA,4.222222
"765","Pacific island small states","PSS",2010,2.809293,NA,NA
"766","Pacific island small states","PSS",2011,6.261404,NA,NA
"767","Pacific island small states","PSS",2012,2.049019,NA,NA
"768","Pacific island small states","PSS",2013,1.446143,2.28,8.333333
"769","Pacific island small states","PSS",2014,0.7988638,NA,8.333333
"770","Pacific island small states","PSS",2015,NA,NA,8.333333
"771","Pakistan","PAK",2010,13.88114,NA,NA
"772","Pakistan","PAK",2011,11.91677,NA,NA
"773","Pakistan","PAK",2012,9.685053,NA,NA
"774","Pakistan","PAK",2013,7.689504,0.4,3
"775","Pakistan","PAK",2014,7.191671,NA,3
"776","Pakistan","PAK",2015,NA,NA,3
"777","Palau","PLW",2013,NA,NA,10
"778","Palau","PLW",2014,NA,NA,10
"779","Palau","PLW",2015,NA,NA,10
"780","Panama","PAN",2010,3.491289,0.3,NA
"781","Panama","PAN",2011,5.875802,NA,NA
"782","Panama","PAN",2012,5.6982,NA,NA
"783","Panama","PAN",2013,4.02716,NA,4
"784","Panama","PAN",2014,2.637829,NA,7
"785","Panama","PAN",2015,NA,NA,7
"786","Papua New Guinea","PNG",2010,6.013609,NA,NA
"787","Papua New Guinea","PNG",2011,4.440834,NA,NA
"788","Papua New Guinea","PNG",2012,4.537205,NA,NA
"789","Papua New Guinea","PNG",2013,4.960317,NA,3
"790","Papua New Guinea","PNG",2014,5.20794,NA,3
"791","Papua New Guinea","PNG",2015,NA,NA,3
"792","Paraguay","PRY",2010,4.651163,1.3,NA
"793","Paraguay","PRY",2011,8.253968,NA,NA
"794","Paraguay","PRY",2012,3.675919,NA,NA
"795","Paraguay","PRY",2013,2.683857,NA,2
"796","Paraguay","PRY",2014,5.028828,NA,2
"797","Paraguay","PRY",2015,NA,NA,2
"798","Peru","PER",2010,1.528321,0.6,NA
"799","Peru","PER",2011,3.370685,NA,NA
"800","Peru","PER",2012,3.653732,NA,NA
"801","Peru","PER",2013,2.816503,NA,8
"802","Peru","PER",2014,3.226047,NA,8
"803","Peru","PER",2015,NA,NA,8
"804","Philippines","PHL",2010,3.789836,NA,NA
"805","Philippines","PHL",2011,4.647303,NA,NA
"806","Philippines","PHL",2012,3.172086,NA,NA
"807","Philippines","PHL",2013,2.997694,NA,3
"808","Philippines","PHL",2014,4.129353,NA,3
"809","Philippines","PHL",2015,NA,NA,3
"810","Poland","POL",2010,2.707452,NA,NA
"811","Poland","POL",2011,4.258333,NA,NA
"812","Poland","POL",2012,3.55687,NA,NA
"813","Poland","POL",2013,1.03427,0.3,7
"814","Poland","POL",2014,0.1069519,NA,7
"815","Poland","POL",2015,NA,NA,7
"816","Portugal","PRT",2010,1.402573,NA,NA
"817","Portugal","PRT",2011,3.653011,NA,NA
"818","Portugal","PRT",2012,2.773339,NA,NA
"819","Portugal","PRT",2013,0.2744167,NA,2
"820","Portugal","PRT",2014,-0.2781534,NA,2
"821","Portugal","PRT",2015,NA,NA,2
"822","Puerto Rico","PRI",2013,NA,NA,10
"823","Puerto Rico","PRI",2014,NA,NA,10
"824","Puerto Rico","PRI",2015,NA,NA,10
"825","Qatar","QAT",2010,-2.425257,NA,NA
"826","Qatar","QAT",2011,1.91639,NA,NA
"827","Qatar","QAT",2012,1.866585,NA,NA
"828","Qatar","QAT",2013,3.131571,NA,1
"829","Qatar","QAT",2014,3.082474,NA,1
"830","Qatar","QAT",2015,NA,NA,1
"831","Romania","ROM",2010,6.094216,NA,NA
"832","Romania","ROM",2011,5.787777,NA,NA
"833","Romania","ROM",2012,3.3338,NA,NA
"834","Romania","ROM",2013,3.98536,0.4,10
"835","Romania","ROM",2014,1.068961,NA,10
"836","Romania","ROM",2015,NA,NA,10
"837","Russian Federation","RUS",2010,6.858019,NA,NA
"838","Russian Federation","RUS",2011,8.435001,NA,NA
"839","Russian Federation","RUS",2012,5.067719,0.4,NA
"840","Russian Federation","RUS",2013,6.762503,NA,4
"841","Russian Federation","RUS",2014,7.826032,NA,4
"842","Russian Federation","RUS",2015,NA,NA,6
"843","Rwanda","RWA",2010,2.309146,NA,NA
"844","Rwanda","RWA",2011,5.670683,0.6,NA
"845","Rwanda","RWA",2012,6.270903,NA,NA
"846","Rwanda","RWA",2013,8.039162,NA,9
"847","Rwanda","RWA",2014,1.269842,NA,11
"848","Rwanda","RWA",2015,NA,NA,11
"849","Samoa","WSM",2010,0.7770073,NA,NA
"850","Samoa","WSM",2011,5.198143,NA,NA
"851","Samoa","WSM",2012,2.049019,NA,NA
"852","Samoa","WSM",2013,0.6100857,NA,5
"853","Samoa","WSM",2014,-0.4068161,NA,5
"854","Samoa","WSM",2015,NA,NA,5
"855","San Marino","SMR",2010,2.585418,NA,NA
"856","San Marino","SMR",2011,2.007877,NA,NA
"857","San Marino","SMR",2012,2.827332,NA,NA
"858","San Marino","SMR",2013,1.604393,NA,1
"859","San Marino","SMR",2014,1.113017,NA,1
"860","San Marino","SMR",2015,NA,NA,1
"861","Sao Tome and Principe","STP",2010,13.34005,NA,NA
"862","Sao Tome and Principe","STP",2011,14.3209,NA,NA
"863","Sao Tome and Principe","STP",2012,10.63712,NA,NA
"864","Sao Tome and Principe","STP",2013,8.106293,NA,0
"865","Sao Tome and Principe","STP",2014,6.987769,NA,0
"866","Sao Tome and Principe","STP",2015,NA,NA,0
"867","Saudi Arabia","SAU",2010,5.343137,NA,NA
"868","Saudi Arabia","SAU",2011,5.823591,NA,NA
"869","Saudi Arabia","SAU",2012,2.885962,NA,NA
"870","Saudi Arabia","SAU",2013,3.506264,NA,2
"871","Saudi Arabia","SAU",2014,2.670526,NA,2
"872","Saudi Arabia","SAU",2015,NA,NA,2
"873","Senegal","SEN",2010,1.228681,NA,NA
"874","Senegal","SEN",2011,3.403228,NA,NA
"875","Senegal","SEN",2012,1.421378,NA,NA
"876","Senegal","SEN",2013,0.6986268,NA,6
"877","Senegal","SEN",2014,-1.07815,0.7,6
"878","Senegal","SEN",2015,NA,NA,6
"879","Serbia","SRB",2010,6.142554,NA,NA
"880","Serbia","SRB",2011,11.1374,NA,NA
"881","Serbia","SRB",2012,7.330386,NA,NA
"882","Serbia","SRB",2013,7.694264,0.2,5
"883","Serbia","SRB",2014,2.082448,NA,5
"884","Serbia","SRB",2015,NA,NA,5
"885","Seychelles","SYC",2010,-2.404639,NA,NA
"886","Seychelles","SYC",2011,2.559268,NA,NA
"887","Seychelles","SYC",2012,7.110371,NA,NA
"888","Seychelles","SYC",2013,4.338938,NA,2
"889","Seychelles","SYC",2014,1.385835,NA,2
"890","Seychelles","SYC",2015,NA,NA,2
"891","Sierra Leone","SLE",2010,-2.404639,NA,NA
"892","Sierra Leone","SLE",2011,2.559268,NA,NA
"893","Sierra Leone","SLE",2012,7.110371,NA,NA
"894","Sierra Leone","SLE",2013,4.338938,NA,5
"895","Sierra Leone","SLE",2014,1.385835,NA,5
"896","Sierra Leone","SLE",2015,NA,NA,5
"897","Singapore","SGP",2010,2.8,NA,NA
"898","Singapore","SGP",2011,5.252918,NA,NA
"899","Singapore","SGP",2012,4.528651,NA,NA
"900","Singapore","SGP",2013,2.37849,NA,8
"901","Singapore","SGP",2014,1.010101,NA,8
"902","Singapore","SGP",2015,NA,NA,8
"903","Slovak Republic","SVK",2010,0.9570181,NA,NA
"904","Slovak Republic","SVK",2011,3.919286,NA,NA
"905","Slovak Republic","SVK",2012,3.606103,NA,NA
"906","Slovak Republic","SVK",2013,1.400474,0.2,7
"907","Slovak Republic","SVK",2014,-0.07616533,NA,7
"908","Slovak Republic","SVK",2015,NA,NA,7
"909","Slovenia","SVN",2010,1.840965,NA,NA
"910","Slovenia","SVN",2011,1.81058,NA,NA
"911","Slovenia","SVN",2012,2.598298,NA,NA
"912","Slovenia","SVN",2013,1.760351,0.1,3
"913","Slovenia","SVN",2014,0.2000749,NA,3
"914","Slovenia","SVN",2015,NA,NA,3
"915","Small states","SST",2010,3.553509,NA,NA
"916","Small states","SST",2011,5.068714,NA,NA
"917","Small states","SST",2012,4.145247,NA,NA
"918","Small states","SST",2013,2.205893,1.217857,5.425
"919","Small states","SST",2014,2.120113,NA,5.55
"920","Small states","SST",2015,NA,NA,5.55
"921","Solomon Islands","SLB",2010,1.051482,NA,NA
"922","Solomon Islands","SLB",2011,7.342707,NA,NA
"923","Solomon Islands","SLB",2012,5.912006,NA,NA
"924","Solomon Islands","SLB",2013,5.391364,NA,10
"925","Solomon Islands","SLB",2014,5.165902,NA,10
"926","Solomon Islands","SLB",2015,NA,NA,10
"927","South Africa","ZAF",2010,4.262344,NA,NA
"928","South Africa","ZAF",2011,4.99551,NA,NA
"929","South Africa","ZAF",2012,5.653583,NA,NA
"930","South Africa","ZAF",2013,5.445279,NA,5
"931","South Africa","ZAF",2014,6.375259,NA,5
"932","South Africa","ZAF",2015,NA,NA,5
"933","South Asia","SAS",2010,7.58153,NA,NA
"934","South Asia","SAS",2011,9.736687,NA,NA
"935","South Asia","SAS",2012,9.383313,NA,NA
"936","South Asia","SAS",2013,7.592145,0.8571429,4.875
"937","South Asia","SAS",2014,6.67218,NA,4.875
"938","South Asia","SAS",2015,NA,NA,4.875
"939","South Sudan","SSD",2010,1.17,NA,NA
"940","South Sudan","SSD",2011,47.27686,NA,NA
"941","South Sudan","SSD",2013,NA,NA,2
"942","South Sudan","SSD",2014,NA,3,2
"943","South Sudan","SSD",2015,NA,NA,2
"944","Spain","ESP",2010,1.79974,NA,NA
"945","Spain","ESP",2011,3.196243,NA,NA
"946","Spain","ESP",2012,2.445915,NA,NA
"947","Spain","ESP",2013,1.408628,NA,5
"948","Spain","ESP",2014,-0.1470318,NA,5
"949","Spain","ESP",2015,NA,NA,5
"950","Sri Lanka","LKA",2010,6.217649,NA,NA
"951","Sri Lanka","LKA",2011,6.716768,0.1,NA
"952","Sri Lanka","LKA",2012,7.542914,NA,NA
"953","Sri Lanka","LKA",2013,6.911547,NA,3
"954","Sri Lanka","LKA",2014,3.277826,NA,3
"955","Sri Lanka","LKA",2015,NA,NA,3
"956","St. Kitts and Nevis","KNA",2010,0.5055003,1.2,NA
"957","St. Kitts and Nevis","KNA",2011,7.068913,NA,NA
"958","St. Kitts and Nevis","KNA",2012,1.414594,NA,NA
"959","St. Kitts and Nevis","KNA",2013,1.029866,NA,5
"960","St. Kitts and Nevis","KNA",2014,0.7517839,NA,5
"961","St. Kitts and Nevis","KNA",2015,NA,NA,5
"962","St. Lucia","LCA",2010,3.250344,0.1,NA
"963","St. Lucia","LCA",2011,2.769408,NA,NA
"964","St. Lucia","LCA",2012,4.177636,NA,NA
"965","St. Lucia","LCA",2013,1.472018,NA,5
"966","St. Lucia","LCA",2014,3.518478,NA,5
"967","St. Lucia","LCA",2015,NA,NA,5
"968","St. Vincent and the Grenadines","VCT",2010,1.480573,1.3,NA
"969","St. Vincent and the Grenadines","VCT",2011,3.186031,NA,NA
"970","St. Vincent and the Grenadines","VCT",2012,2.598444,NA,NA
"971","St. Vincent and the Grenadines","VCT",2013,0.8051278,NA,5
"972","St. Vincent and the Grenadines","VCT",2014,0.1938586,NA,5
"973","St. Vincent and the Grenadines","VCT",2015,NA,NA,5
"974","Sudan","SDN",2010,13.24539,NA,NA
"975","Sudan","SDN",2011,22.11212,NA,NA
"976","Sudan","SDN",2012,37.39336,NA,NA
"977","Sudan","SDN",2013,29.95861,NA,3
"978","Sudan","SDN",2014,36.90776,0.5,3
"979","Sudan","SDN",2015,NA,NA,3
"980","Suriname","SUR",2010,6.944787,0.4,NA
"981","Suriname","SUR",2011,17.71178,NA,NA
"982","Suriname","SUR",2012,5.006863,NA,NA
"983","Suriname","SUR",2013,1.960784,NA,2
"984","Suriname","SUR",2014,3.345788,NA,2
"985","Suriname","SUR",2015,NA,NA,2
"986","Swaziland","SWZ",2010,4.509237,NA,NA
"987","Swaziland","SWZ",2011,6.105198,NA,NA
"988","Swaziland","SWZ",2012,8.939609,NA,NA
"989","Swaziland","SWZ",2013,5.619599,NA,4
"990","Swaziland","SWZ",2014,5.685267,NA,4
"991","Swaziland","SWZ",2015,NA,NA,4
"992","Sweden","SWE",2010,1.157988,NA,NA
"993","Sweden","SWE",2011,2.961151,NA,NA
"994","Sweden","SWE",2012,0.8883775,NA,NA
"995","Sweden","SWE",2013,-0.04429297,NA,6
"996","Sweden","SWE",2014,-0.1796385,0.3,6
"997","Sweden","SWE",2015,NA,NA,6
"998","Switzerland","CHE",2010,0.6985101,NA,NA
"999","Switzerland","CHE",2011,0.2256016,NA,NA
"1000","Switzerland","CHE",2012,-0.6669446,NA,NA
"1001","Switzerland","CHE",2013,-0.2409903,NA,6
"1002","Switzerland","CHE",2014,-0.01322533,NA,6
"1003","Switzerland","CHE",2015,NA,NA,6
"1004","Syrian Arab Republic","SYR",2010,4.397414,NA,NA
"1005","Syrian Arab Republic","SYR",2011,4.753164,NA,NA
"1006","Syrian Arab Republic","SYR",2012,36.7023,NA,NA
"1007","Syrian Arab Republic","SYR",2013,NA,NA,1
"1008","Syrian Arab Republic","SYR",2014,NA,NA,1
"1009","Syrian Arab Republic","SYR",2015,NA,NA,1
"1010","Tajikistan","TJK",2013,NA,0.5,1
"1011","Tajikistan","TJK",2014,NA,NA,1
"1012","Tajikistan","TJK",2015,NA,NA,1
"1013","Tanzania","TZA",2010,6.200156,NA,NA
"1014","Tanzania","TZA",2011,12.69097,NA,NA
"1015","Tanzania","TZA",2012,16.00109,NA,NA
"1016","Tanzania","TZA",2013,7.870724,1,5
"1017","Tanzania","TZA",2014,6.131614,NA,5
"1018","Tanzania","TZA",2015,NA,NA,5
"1019","Thailand","THA",2010,3.27222,NA,NA
"1020","Thailand","THA",2011,3.808791,NA,NA
"1021","Thailand","THA",2012,3.0149,NA,NA
"1022","Thailand","THA",2013,2.184886,NA,3
"1023","Thailand","THA",2014,1.895142,NA,3
"1024","Thailand","THA",2015,NA,NA,3
"1025","Timor-Leste","TMP",2010,6.765977,NA,NA
"1026","Timor-Leste","TMP",2011,13.49984,NA,NA
"1027","Timor-Leste","TMP",2012,11.80031,NA,NA
"1028","Timor-Leste","TMP",2013,11.15662,NA,0
"1029","Timor-Leste","TMP",2014,0.4435484,NA,0
"1030","Timor-Leste","TMP",2015,NA,NA,0
"1031","Togo","TGO",2010,1.834169,NA,NA
"1032","Togo","TGO",2011,3.572277,NA,NA
"1033","Togo","TGO",2012,2.630774,NA,NA
"1034","Togo","TGO",2013,1.766766,NA,6
"1035","Togo","TGO",2014,0.1896449,NA,6
"1036","Togo","TGO",2015,NA,NA,6
"1037","Tonga","TON",2010,3.553509,NA,NA
"1038","Tonga","TON",2011,6.261404,NA,NA
"1039","Tonga","TON",2012,1.212991,NA,NA
"1040","Tonga","TON",2013,0.7120585,NA,10
"1041","Tonga","TON",2014,2.510876,NA,10
"1042","Tonga","TON",2015,NA,NA,10
"1043","Trinidad and Tobago","TTO",2010,10.54739,0.5,NA
"1044","Trinidad and Tobago","TTO",2011,5.099366,NA,NA
"1045","Trinidad and Tobago","TTO",2012,9.26858,NA,NA
"1046","Trinidad and Tobago","TTO",2013,5.199817,NA,6
"1047","Trinidad and Tobago","TTO",2014,5.684418,NA,7
"1048","Trinidad and Tobago","TTO",2015,NA,NA,7
"1049","Tunisia","TUN",2010,4.416269,NA,NA
"1050","Tunisia","TUN",2011,3.544029,NA,NA
"1051","Tunisia","TUN",2012,5.138117,NA,NA
"1052","Tunisia","TUN",2013,5.798545,1,2
"1053","Tunisia","TUN",2014,4.937735,NA,2
"1054","Tunisia","TUN",2015,NA,NA,2
"1055","Turkey","TUR",2010,8.566444,NA,NA
"1056","Turkey","TUR",2011,6.47188,NA,NA
"1057","Turkey","TUR",2012,8.89157,NA,NA
"1058","Turkey","TUR",2013,7.49309,0.2,3
"1059","Turkey","TUR",2014,8.854573,NA,3
"1060","Turkey","TUR",2015,NA,NA,3
"1061","Uganda","UGA",2010,3.976553,NA,NA
"1062","Uganda","UGA",2011,18.6929,NA,NA
"1063","Uganda","UGA",2012,14.01606,NA,NA
"1064","Uganda","UGA",2013,5.464402,0.7,6
"1065","Uganda","UGA",2014,4.288209,NA,6
"1066","Uganda","UGA",2015,NA,NA,6
"1067","Ukraine","UKR",2010,9.378589,NA,NA
"1068","Ukraine","UKR",2011,7.960095,NA,NA
"1069","Ukraine","UKR",2012,0.5555556,NA,NA
"1070","Ukraine","UKR",2013,-0.2762431,0.4,8
"1071","Ukraine","UKR",2014,12.18837,NA,8
"1072","Ukraine","UKR",2015,NA,NA,8
"1073","United Arab Emirates","ARE",2010,0.8789368,NA,NA
"1074","United Arab Emirates","ARE",2011,0.8768366,NA,NA
"1075","United Arab Emirates","ARE",2012,0.6640673,NA,NA
"1076","United Arab Emirates","ARE",2013,1.100691,NA,2
"1077","United Arab Emirates","ARE",2014,2.344704,NA,2
"1078","United Arab Emirates","ARE",2015,NA,NA,2
"1079","United Kingdom","GBR",2010,3.285714,NA,NA
"1080","United Kingdom","GBR",2011,4.48424,NA,NA
"1081","United Kingdom","GBR",2012,2.82171,NA,NA
"1082","United Kingdom","GBR",2013,2.554547,NA,7
"1083","United Kingdom","GBR",2014,1.460192,NA,7
"1084","United Kingdom","GBR",2015,NA,NA,7
"1085","United States","USA",2010,1.640043,NA,NA
"1086","United States","USA",2011,3.156842,NA,NA
"1087","United States","USA",2012,2.069337,NA,NA
"1088","United States","USA",2013,1.464833,NA,11
"1089","United States","USA",2014,1.622223,NA,11
"1090","United States","USA",2015,NA,NA,11
"1091","Uruguay","URY",2010,6.676387,0.3,NA
"1092","Uruguay","URY",2011,8.093775,NA,NA
"1093","Uruguay","URY",2012,8.097766,NA,NA
"1094","Uruguay","URY",2013,8.575135,NA,4
"1095","Uruguay","URY",2014,8.877353,NA,4
"1096","Uruguay","URY",2015,NA,NA,4
"1097","Uzbekistan","UZB",2013,NA,0.1,1
"1098","Uzbekistan","UZB",2014,NA,NA,1
"1099","Uzbekistan","UZB",2015,NA,NA,6
"1100","Vanuatu","VUT",2010,2.809293,NA,NA
"1101","Vanuatu","VUT",2011,0.8626829,NA,NA
"1102","Vanuatu","VUT",2012,1.363636,NA,NA
"1103","Vanuatu","VUT",2013,1.446143,NA,10
"1104","Vanuatu","VUT",2014,0.7988638,NA,10
"1105","Vanuatu","VUT",2015,NA,NA,10
"1106","Venezuela, RB","VEN",2010,28.18746,1.4,NA
"1107","Venezuela, RB","VEN",2011,26.09021,NA,NA
"1108","Venezuela, RB","VEN",2012,21.069,NA,NA
"1109","Venezuela, RB","VEN",2013,40.63943,NA,1
"1110","Venezuela, RB","VEN",2014,62.16865,NA,1
"1111","Venezuela, RB","VEN",2015,NA,NA,1
"1112","Vietnam","VNM",2010,8.8616,NA,NA
"1113","Vietnam","VNM",2011,18.67748,NA,NA
"1114","Vietnam","VNM",2012,9.094216,NA,NA
"1115","Vietnam","VNM",2013,6.592256,NA,7
"1116","Vietnam","VNM",2014,4.0859,NA,7
"1117","Vietnam","VNM",2015,NA,NA,7
"1118","Yemen, Rep.","YEM",2010,NA,0.6,NA
"1119","Yemen, Rep.","YEM",2013,NA,0.6,0
"1120","Yemen, Rep.","YEM",2014,NA,NA,0
"1121","Yemen, Rep.","YEM",2015,NA,NA,0
"1122","Zambia","ZMB",2010,8.501761,NA,NA
"1123","Zambia","ZMB",2011,6.429397,NA,NA
"1124","Zambia","ZMB",2012,6.5759,NA,NA
"1125","Zambia","ZMB",2013,6.977676,2.3,7
"1126","Zambia","ZMB",2014,7.811954,NA,7
"1127","Zambia","ZMB",2015,NA,NA,7
"1128","Zimbabwe","ZWE",2011,NA,0.5,NA
"1129","Zimbabwe","ZWE",2013,NA,NA,5
"1130","Zimbabwe","ZWE",2014,NA,NA,5
"1131","Zimbabwe","ZWE",2015,NA,NA,5
