"","CountryName","CountryCode","Year","AG.LND.FRST.ZS","ER.PTD.TOTL.ZS"
"1","Afghanistan","AFG",2010,2.067825,0.3720076
"2","Afghanistan","AFG",2011,2.067825,NA
"3","Afghanistan","AFG",2012,2.067825,0.3720076
"4","Afghanistan","AFG",2013,2.067825,NA
"5","Albania","ALB",2010,28.33212,9.476582
"6","Albania","ALB",2011,28.29708,NA
"7","Albania","ALB",2012,28.26204,9.476582
"8","Albania","ALB",2013,28.22701,NA
"9","Algeria","DZA",2010,0.8052936,7.375091
"10","Algeria","DZA",2011,0.8084846,NA
"11","Algeria","DZA",2012,0.8116755,7.378941
"12","Algeria","DZA",2013,0.8148664,NA
"13","American Samoa","ASM",2010,88.55,16.83815
"14","American Samoa","ASM",2011,88.4,NA
"15","American Samoa","ASM",2012,88.2,16.83815
"16","American Samoa","ASM",2013,88.05,NA
"17","Andorra","ADO",2010,34.04255,9.829452
"18","Andorra","ADO",2011,34.04255,NA
"19","Andorra","ADO",2012,34.04255,9.829452
"20","Andorra","ADO",2013,34.04255,NA
"21","Angola","AGO",2010,46.90784,12.06314
"22","Angola","AGO",2011,46.80773,NA
"23","Angola","AGO",2012,46.70763,12.06321
"24","Angola","AGO",2013,46.60752,NA
"25","Antigua and Barbuda","ATG",2010,22.27273,1.199169
"26","Antigua and Barbuda","ATG",2011,22.27273,NA
"27","Antigua and Barbuda","ATG",2012,22.27273,1.199169
"28","Antigua and Barbuda","ATG",2013,22.27273,NA
"29","Argentina","ARG",2010,10.44912,6.643764
"30","Argentina","ARG",2011,10.34067,NA
"31","Argentina","ARG",2012,10.23221,6.649813
"32","Argentina","ARG",2013,10.12376,NA
"33","Armenia","ARM",2010,11.62627,8.102788
"34","Armenia","ARM",2011,11.6333,NA
"35","Armenia","ARM",2012,11.64032,8.104472
"36","Armenia","ARM",2013,11.64735,NA
"37","Aruba","ABW",2010,2.333333,0.03026106
"38","Aruba","ABW",2011,2.333333,NA
"39","Aruba","ABW",2012,2.333333,0.03026106
"40","Aruba","ABW",2013,2.333333,NA
"41","Australia","AUS",2010,16.0383,15.0353
"42","Australia","AUS",2011,16.07839,NA
"43","Australia","AUS",2012,16.11848,15.04685
"44","Australia","AUS",2013,16.15857,NA
"45","Austria","AUT",2010,46.75331,23.58846
"46","Austria","AUT",2011,46.77908,NA
"47","Austria","AUT",2012,46.80882,23.58851
"48","Austria","AUT",2013,46.83573,NA
"49","Azerbaijan","AZE",2010,12.19875,7.357207
"50","Azerbaijan","AZE",2011,12.51567,NA
"51","Azerbaijan","AZE",2012,12.83288,7.357207
"52","Azerbaijan","AZE",2013,13.14993,NA
"53","Bahamas, The","BHS",2010,51.44855,1.005589
"54","Bahamas, The","BHS",2011,51.44855,NA
"55","Bahamas, The","BHS",2012,51.44855,1.005589
"56","Bahamas, The","BHS",2013,51.44855,NA
"57","Bahrain","BHR",2010,0.6955381,6.820462
"58","Bahrain","BHR",2011,0.7040417,NA
"59","Bahrain","BHR",2012,0.7272727,6.820462
"60","Bahrain","BHR",2013,0.7402597,NA
"61","Bangladesh","BGD",2010,11.07782,4.237139
"62","Bangladesh","BGD",2011,11.05785,NA
"63","Bangladesh","BGD",2012,11.03787,4.237139
"64","Bangladesh","BGD",2013,11.0179,NA
"65","Barbados","BRB",2010,14.65116,0.07992061
"66","Barbados","BRB",2011,14.65116,NA
"67","Barbados","BRB",2012,14.65116,0.07992061
"68","Barbados","BRB",2013,14.65116,NA
"69","Belarus","BLR",2010,42.06013,8.277811
"70","Belarus","BLR",2011,42.15613,NA
"71","Belarus","BLR",2012,42.2542,8.277811
"72","Belarus","BLR",2013,42.35227,NA
"73","Belgium","BEL",2010,22.4967,24.46791
"74","Belgium","BEL",2011,22.51123,NA
"75","Belgium","BEL",2012,22.52576,24.46791
"76","Belgium","BEL",2013,22.54029,NA
"77","Belize","BLZ",2010,60.99912,26.29686
"78","Belize","BLZ",2011,60.77904,NA
"79","Belize","BLZ",2012,60.55897,26.39055
"80","Belize","BLZ",2013,60.33932,NA
"81","Benin","BEN",2010,40.44874,25.51374
"82","Benin","BEN",2011,40.00532,NA
"83","Benin","BEN",2012,39.5619,25.51374
"84","Benin","BEN",2013,39.11848,NA
"85","Bermuda","BMU",2010,20,5.066611
"86","Bermuda","BMU",2011,20,NA
"87","Bermuda","BMU",2012,20,5.066611
"88","Bermuda","BMU",2013,20,NA
"89","Bhutan","BTN",2010,70.97332,28.35433
"90","Bhutan","BTN",2011,71.23383,NA
"91","Bhutan","BTN",2012,71.49435,28.35433
"92","Bhutan","BTN",2013,71.75486,NA
"93","Bolivia","BOL",2010,51.88683,20.83394
"94","Bolivia","BOL",2011,51.62005,NA
"95","Bolivia","BOL",2012,51.35327,20.83394
"96","Bolivia","BOL",2013,51.08649,NA
"97","Bosnia and Herzegovina","BIH",2010,42.67578,1.509331
"98","Bosnia and Herzegovina","BIH",2011,42.67578,NA
"99","Bosnia and Herzegovina","BIH",2012,42.67578,1.509331
"100","Bosnia and Herzegovina","BIH",2013,42.67578,NA
"101","Botswana","BWA",2010,20.02894,37.18967
"102","Botswana","BWA",2011,19.84861,NA
"103","Botswana","BWA",2012,19.66827,37.1921
"104","Botswana","BWA",2013,19.48794,NA
"105","Brazil","BRA",2010,59.63743,25.97465
"106","Brazil","BRA",2011,59.5197,NA
"107","Brazil","BRA",2012,59.40197,25.97465
"108","Brazil","BRA",2013,59.28424,NA
"109","Brunei Darussalam","BRN",2010,72.10626,29.57592
"110","Brunei Darussalam","BRN",2011,72.10626,NA
"111","Brunei Darussalam","BRN",2012,72.10626,29.57592
"112","Brunei Darussalam","BRN",2013,72.10626,NA
"113","Bulgaria","BGR",2010,34.42336,35.40855
"114","Bulgaria","BGR",2011,34.5818,NA
"115","Bulgaria","BGR",2012,34.74024,35.43568
"116","Bulgaria","BGR",2013,34.89867,NA
"117","Burkina Faso","BFA",2010,20.64693,15.19144
"118","Burkina Faso","BFA",2011,20.42836,NA
"119","Burkina Faso","BFA",2012,20.2098,15.19144
"120","Burkina Faso","BFA",2013,19.99123,NA
"121","Burundi","BDI",2010,9.852025,4.886154
"122","Burundi","BDI",2011,10.03115,NA
"123","Burundi","BDI",2012,10.21028,4.886154
"124","Burundi","BDI",2013,10.38941,NA
"125","Cabo Verde","CPV",2010,21.11414,0.1601414
"126","Cabo Verde","CPV",2011,21.35236,NA
"127","Cabo Verde","CPV",2012,21.59305,0.1601414
"128","Cabo Verde","CPV",2013,21.83127,NA
"129","Cambodia","KHM",2010,57.18332,23.756
"130","Cambodia","KHM",2011,56.46159,NA
"131","Cambodia","KHM",2012,55.73986,23.756
"132","Cambodia","KHM",2013,55.01813,NA
"133","Cameroon","CMR",2010,42.13154,10.91151
"134","Cameroon","CMR",2011,41.66614,NA
"135","Cameroon","CMR",2012,41.20074,10.91457
"136","Cameroon","CMR",2013,40.73533,NA
"137","Canada","CAN",2010,38.19229,6.898012
"138","Canada","CAN",2011,38.18717,NA
"139","Canada","CAN",2012,38.18204,7.02138
"140","Canada","CAN",2013,38.17692,NA
"141","Caribbean small states","CSS",2010,85.29885,9.897359
"142","Caribbean small states","CSS",2011,85.25461,NA
"143","Caribbean small states","CSS",2012,85.21037,9.902387
"144","Caribbean small states","CSS",2013,85.16616,NA
"145","Cayman Islands","CYM",2010,52.91667,1.538044
"146","Cayman Islands","CYM",2011,52.91667,NA
"147","Cayman Islands","CYM",2012,52.91667,1.538044
"148","Cayman Islands","CYM",2013,52.91667,NA
"149","Central African Republic","CAF",2010,35.71222,17.96583
"150","Central African Republic","CAF",2011,35.68718,NA
"151","Central African Republic","CAF",2012,35.66214,17.97566
"152","Central African Republic","CAF",2013,35.6371,NA
"153","Chad","TCD",2010,4.374206,16.57313
"154","Chad","TCD",2011,4.273666,NA
"155","Chad","TCD",2012,4.173126,16.62266
"156","Chad","TCD",2013,4.072586,NA
"157","Channel Islands","CHI",2010,4.210526,0.4986671
"158","Channel Islands","CHI",2011,4.210526,NA
"159","Channel Islands","CHI",2012,4.210526,NA
"160","Channel Islands","CHI",2013,4.210526,NA
"161","Chile","CHL",2010,21.82959,15.03559
"162","Chile","CHL",2011,22.23415,NA
"163","Chile","CHL",2012,22.6387,15.03559
"164","Chile","CHL",2013,23.04326,NA
"165","China","CHN",2010,21.36832,16.12157
"166","China","CHN",2011,21.53259,NA
"167","China","CHN",2012,21.69686,16.12416
"168","China","CHN",2013,21.86113,NA
"169","Colombia","COL",2010,52.84842,20.83311
"170","Colombia","COL",2011,52.82434,NA
"171","Colombia","COL",2012,52.80026,20.83311
"172","Colombia","COL",2013,52.77618,NA
"173","Comoros","COM",2010,20.95648,3.986851
"174","Comoros","COM",2011,20.74154,NA
"175","Comoros","COM",2012,20.5266,3.986851
"176","Comoros","COM",2013,20.31166,NA
"177","Congo, Dem. Rep.","ZAR",2010,67.98924,12.03798
"178","Congo, Dem. Rep.","ZAR",2011,67.85188,NA
"179","Congo, Dem. Rep.","ZAR",2012,67.71452,12.03798
"180","Congo, Dem. Rep.","ZAR",2013,67.57716,NA
"181","Congo, Rep.","COG",2010,65.62518,30.4389
"182","Congo, Rep.","COG",2011,65.58009,NA
"183","Congo, Rep.","COG",2012,65.53499,30.44455
"184","Congo, Rep.","COG",2013,65.4899,NA
"185","Costa Rica","CRI",2010,51.01841,22.60185
"186","Costa Rica","CRI",2011,51.60987,NA
"187","Costa Rica","CRI",2012,52.20133,22.60185
"188","Costa Rica","CRI",2013,52.79279,NA
"189","Cote d'Ivoire","CIV",2010,32.71384,22.17251
"190","Cote d'Ivoire","CIV",2011,32.71258,NA
"191","Cote d'Ivoire","CIV",2012,32.71132,22.17251
"192","Cote d'Ivoire","CIV",2013,32.71006,NA
"193","Croatia","HRV",2010,34.31022,10.31609
"194","Croatia","HRV",2011,34.31737,NA
"195","Croatia","HRV",2012,34.32452,10.31609
"196","Croatia","HRV",2013,34.33167,NA
"197","Cuba","CUB",2010,27.54604,9.911436
"198","Cuba","CUB",2011,28.04961,NA
"199","Cuba","CUB",2012,28.55076,9.911436
"200","Cuba","CUB",2013,29.05429,NA
"201","Cyprus","CYP",2010,18.70563,17.14579
"202","Cyprus","CYP",2011,18.70238,NA
"203","Cyprus","CYP",2012,18.69913,17.14579
"204","Cyprus","CYP",2013,18.69697,NA
"205","Czech Republic","CZE",2010,34.39927,22.36509
"206","Czech Republic","CZE",2011,34.42517,NA
"207","Czech Republic","CZE",2012,34.45552,22.36509
"208","Czech Republic","CZE",2013,34.48142,NA
"209","Denmark","DNK",2010,13.83691,23.56307
"210","Denmark","DNK",2011,13.95522,NA
"211","Denmark","DNK",2012,14.07353,23.56307
"212","Denmark","DNK",2013,14.19185,NA
"213","Djibouti","DJI",2010,0.2415876,0.1582545
"214","Djibouti","DJI",2011,0.2415876,NA
"215","Djibouti","DJI",2012,0.2415876,0.1582545
"216","Djibouti","DJI",2013,0.2415876,NA
"217","Dominica","DMA",2010,59.54667,3.695595
"218","Dominica","DMA",2011,59.18667,NA
"219","Dominica","DMA",2012,58.84,3.695595
"220","Dominica","DMA",2013,58.48,NA
"221","Dominican Republic","DOM",2010,37.60348,20.81072
"222","Dominican Republic","DOM",2011,38.29056,NA
"223","Dominican Republic","DOM",2012,38.97765,20.83189
"224","Dominican Republic","DOM",2013,39.66474,NA
"225","Ecuador","ECU",2010,52.10807,37.0328
"226","Ecuador","ECU",2011,51.79103,NA
"227","Ecuador","ECU",2012,51.47399,37.03704
"228","Ecuador","ECU",2013,51.15699,NA
"229","Egypt, Arab Rep.","EGY",2010,0.07031996,11.34203
"230","Egypt, Arab Rep.","EGY",2011,0.0709227,NA
"231","Egypt, Arab Rep.","EGY",2012,0.07152544,11.34203
"232","Egypt, Arab Rep.","EGY",2013,0.07212818,NA
"233","El Salvador","SLV",2010,13.85135,6.871704
"234","El Salvador","SLV",2011,13.639,NA
"235","El Salvador","SLV",2012,13.42664,8.690735
"236","El Salvador","SLV",2013,13.21429,NA
"237","Equatorial Guinea","GNQ",2010,57.96791,15.08556
"238","Equatorial Guinea","GNQ",2011,57.55437,NA
"239","Equatorial Guinea","GNQ",2012,57.14082,15.08556
"240","Equatorial Guinea","GNQ",2013,56.72727,NA
"241","Eritrea","ERI",2010,15.16832,3.752452
"242","Eritrea","ERI",2011,15.12475,NA
"243","Eritrea","ERI",2012,15.08119,3.752452
"244","Eritrea","ERI",2013,15.03762,NA
"245","Estonia","EST",2010,52.70111,23.06618
"246","Estonia","EST",2011,52.69167,NA
"247","Estonia","EST",2012,52.68224,23.24414
"248","Estonia","EST",2013,52.6728,NA
"249","Ethiopia","ETH",2010,12.296,18.40994
"250","Ethiopia","ETH",2011,12.3366,NA
"251","Ethiopia","ETH",2012,12.3772,18.40994
"252","Ethiopia","ETH",2013,12.4178,NA
"253","Faeroe Islands","FRO",2010,0.05730659,NA
"254","Faeroe Islands","FRO",2011,0.05730659,NA
"255","Faeroe Islands","FRO",2012,0.05730659,0.9704339
"256","Faeroe Islands","FRO",2013,0.05730659,NA
"257","Fiji","FJI",2010,54.34592,5.987838
"258","Fiji","FJI",2011,54.61193,NA
"259","Fiji","FJI",2012,54.87794,5.987838
"260","Fiji","FJI",2013,55.14395,NA
"261","Finland","FIN",2010,73.10958,15.17214
"262","Finland","FIN",2011,73.11198,NA
"263","Finland","FIN",2012,73.11198,15.17214
"264","Finland","FIN",2013,73.11198,NA
"265","France","FRA",2010,29.99505,28.70327
"266","France","FRA",2011,30.20142,NA
"267","France","FRA",2012,30.40757,28.7039
"268","France","FRA",2013,30.61416,NA
"269","French Polynesia","PYF",2010,42.34973,0.1104873
"270","French Polynesia","PYF",2011,42.34973,NA
"271","French Polynesia","PYF",2012,42.34973,0.1104873
"272","French Polynesia","PYF",2013,42.34973,NA
"273","Gabon","GAB",2010,85.38053,19.14978
"274","Gabon","GAB",2011,86.15671,NA
"275","Gabon","GAB",2012,86.9329,19.14978
"276","Gabon","GAB",2013,87.70909,NA
"277","Gambia, The","GMB",2010,47.43083,4.39481
"278","Gambia, The","GMB",2011,47.58893,NA
"279","Gambia, The","GMB",2012,47.74704,4.39481
"280","Gambia, The","GMB",2013,47.90514,NA
"281","Georgia","GEO",2010,40.61592,3.682089
"282","Georgia","GEO",2011,40.61592,NA
"283","Georgia","GEO",2012,40.61592,3.682089
"284","Georgia","GEO",2013,40.61592,NA
"285","Germany","DEU",2010,32.73087,49.03665
"286","Germany","DEU",2011,32.73755,NA
"287","Germany","DEU",2012,32.74517,49.03665
"288","Germany","DEU",2013,32.7509,NA
"289","Ghana","GHA",2010,40.41048,14.40904
"290","Ghana","GHA",2011,40.53529,NA
"291","Ghana","GHA",2012,40.6601,14.40904
"292","Ghana","GHA",2013,40.78492,NA
"293","Greece","GRC",2010,30.27929,21.48025
"294","Greece","GRC",2011,30.51358,NA
"295","Greece","GRC",2012,30.74787,21.48025
"296","Greece","GRC",2013,30.98216,NA
"297","Greenland","GRL",2010,0.0005359971,40.51319
"298","Greenland","GRL",2011,0.0005359971,NA
"299","Greenland","GRL",2012,0.0005359971,40.59298
"300","Greenland","GRL",2013,0.0005359971,NA
"301","Grenada","GRD",2010,49.97059,0.1461936
"302","Grenada","GRD",2011,49.97059,NA
"303","Grenada","GRD",2012,49.97059,0.2502158
"304","Grenada","GRD",2013,49.97059,NA
"305","Guam","GUM",2010,46.2963,5.266724
"306","Guam","GUM",2011,46.2963,NA
"307","Guam","GUM",2012,46.2963,5.266724
"308","Guam","GUM",2013,46.2963,NA
"309","Guatemala","GTM",2010,34.73311,29.81928
"310","Guatemala","GTM",2011,34.39343,NA
"311","Guatemala","GTM",2012,34.05375,29.81928
"312","Guatemala","GTM",2013,33.71407,NA
"313","Guinea","GIN",2010,26.63194,26.80904
"314","Guinea","GIN",2011,26.48543,NA
"315","Guinea","GIN",2012,26.33892,26.80904
"316","Guinea","GIN",2013,26.19241,NA
"317","Guinea-Bissau","GNB",2010,71.90612,27.12332
"318","Guinea-Bissau","GNB",2011,71.5505,NA
"319","Guinea-Bissau","GNB",2012,71.19488,27.12332
"320","Guinea-Bissau","GNB",2013,70.83926,NA
"321","Guyana","GUY",2010,84.20625,4.962163
"322","Guyana","GUY",2011,84.15545,NA
"323","Guyana","GUY",2012,84.10465,4.962163
"324","Guyana","GUY",2013,84.05385,NA
"325","Haiti","HTI",2010,3.664731,0.1231195
"326","Haiti","HTI",2011,3.635704,NA
"327","Haiti","HTI",2012,3.606676,0.1231195
"328","Haiti","HTI",2013,3.577649,NA
"329","Honduras","HND",2010,46.40272,16.21621
"330","Honduras","HND",2011,45.33024,NA
"331","Honduras","HND",2012,44.25775,16.21621
"332","Honduras","HND",2013,43.18527,NA
"333","Hong Kong SAR, China","HKG",2010,NA,41.87653
"334","Hong Kong SAR, China","HKG",2012,NA,41.87653
"335","Hungary","HUN",2010,22.60024,23.07332
"336","Hungary","HUN",2011,22.65105,NA
"337","Hungary","HUN",2012,22.70187,23.13708
"338","Hungary","HUN",2013,22.75268,NA
"339","Iceland","ISL",2010,0.4259352,13.27183
"340","Iceland","ISL",2011,0.4389027,NA
"341","Iceland","ISL",2012,0.4518703,13.27183
"342","Iceland","ISL",2013,0.4648379,NA
"343","India","IND",2010,23.4731,4.849121
"344","India","IND",2011,23.53311,NA
"345","India","IND",2012,23.59311,4.996401
"346","India","IND",2013,23.65311,NA
"347","Indonesia","IDN",2010,52.12716,8.817171
"348","Indonesia","IDN",2011,51.74937,NA
"349","Indonesia","IDN",2012,51.37157,9.052518
"350","Indonesia","IDN",2013,50.99378,NA
"351","Iran, Islamic Rep.","IRN",2010,6.565337,6.964449
"352","Iran, Islamic Rep.","IRN",2011,6.565337,NA
"353","Iran, Islamic Rep.","IRN",2012,6.565337,6.964788
"354","Iran, Islamic Rep.","IRN",2013,6.565337,NA
"355","Iraq","IRQ",2010,1.899521,0.36717
"356","Iraq","IRQ",2011,1.899521,NA
"357","Iraq","IRQ",2012,1.899521,0.3799192
"358","Iraq","IRQ",2013,1.899521,NA
"359","Ireland","IRL",2010,10.53317,12.80474
"360","Ireland","IRL",2011,10.61562,NA
"361","Ireland","IRL",2012,10.69807,12.80474
"362","Ireland","IRL",2013,10.78037,NA
"363","Isle of Man","IMY",2010,6.070175,NA
"364","Isle of Man","IMY",2011,6.070175,NA
"365","Isle of Man","IMY",2012,6.070175,NA
"366","Isle of Man","IMY",2013,6.070175,NA
"367","Israel","ISR",2010,7.116451,14.73701
"368","Israel","ISR",2011,7.218115,NA
"369","Israel","ISR",2012,7.319778,14.73695
"370","Israel","ISR",2013,7.421442,NA
"371","Italy","ITA",2010,30.69287,21.02537
"372","Italy","ITA",2011,30.87577,NA
"373","Italy","ITA",2012,31.05868,21.02537
"374","Italy","ITA",2013,31.24159,NA
"375","Jamaica","JAM",2010,31.1265,7.061907
"376","Jamaica","JAM",2011,31.09141,NA
"377","Jamaica","JAM",2012,31.05633,7.061907
"378","Jamaica","JAM",2013,31.02124,NA
"379","Japan","JPN",2010,68.48443,10.96077
"380","Japan","JPN",2011,68.4791,NA
"381","Japan","JPN",2012,68.47378,10.96763
"382","Japan","JPN",2013,68.46939,NA
"383","Jordan","JOR",2010,1.09822,1.939207
"384","Jordan","JOR",2011,1.09822,NA
"385","Jordan","JOR",2012,1.09822,0.03215629
"386","Jordan","JOR",2013,1.09822,NA
"387","Kazakhstan","KAZ",2010,1.225692,3.077714
"388","Kazakhstan","KAZ",2011,1.225692,NA
"389","Kazakhstan","KAZ",2012,1.225692,3.318281
"390","Kazakhstan","KAZ",2013,1.225692,NA
"391","Kenya","KEN",2010,7.432266,11.56175
"392","Kenya","KEN",2011,7.496574,NA
"393","Kenya","KEN",2012,7.560881,11.58654
"394","Kenya","KEN",2013,7.625189,NA
"395","Kiribati","KIR",2010,15,20.22494
"396","Kiribati","KIR",2011,15,NA
"397","Kiribati","KIR",2012,15,20.22494
"398","Kiribati","KIR",2013,15,NA
"399","Korea, Dem. Rep.","PRK",2010,47.05589,1.662269
"400","Korea, Dem. Rep.","PRK",2011,46.00116,NA
"401","Korea, Dem. Rep.","PRK",2012,44.94643,1.662269
"402","Korea, Dem. Rep.","PRK",2013,43.8917,NA
"403","Korea, Rep.","KOR",2010,63.99259,5.225329
"404","Korea, Rep.","KOR",2011,63.91443,NA
"405","Korea, Rep.","KOR",2012,63.75758,5.255821
"406","Korea, Rep.","KOR",2013,63.60372,NA
"407","Kuwait","KWT",2010,0.3507295,3.292913
"408","Kuwait","KWT",2011,0.3507295,NA
"409","Kuwait","KWT",2012,0.3507295,12.91759
"410","Kuwait","KWT",2013,0.3507295,NA
"411","Kyrgyz Republic","KGZ",2010,3.529718,6.274924
"412","Kyrgyz Republic","KGZ",2011,3.488008,NA
"413","Kyrgyz Republic","KGZ",2012,3.446298,6.329784
"414","Kyrgyz Republic","KGZ",2013,3.404588,NA
"415","Lao PDR","LAO",2010,77.19047,16.67954
"416","Lao PDR","LAO",2011,78.0101,NA
"417","Lao PDR","LAO",2012,78.82972,16.67954
"418","Lao PDR","LAO",2013,79.64935,NA
"419","Latvia","LVA",2010,53.88817,17.58171
"420","Latvia","LVA",2011,53.92926,NA
"421","Latvia","LVA",2012,53.95304,17.58171
"422","Latvia","LVA",2013,53.9508,NA
"423","Lebanon","LBN",2010,13.38221,0.4377035
"424","Lebanon","LBN",2011,13.39003,NA
"425","Lebanon","LBN",2012,13.39785,0.4776027
"426","Lebanon","LBN",2013,13.40567,NA
"427","Lesotho","LSO",2010,1.449275,0.5059439
"428","Lesotho","LSO",2011,1.482213,NA
"429","Lesotho","LSO",2012,1.515152,0.5059439
"430","Lesotho","LSO",2013,1.54809,NA
"431","Liberia","LBR",2010,44.94394,2.439074
"432","Liberia","LBR",2011,44.63248,NA
"433","Liberia","LBR",2012,44.32101,2.439074
"434","Liberia","LBR",2013,44.00955,NA
"435","Libya","LBY",2010,0.1233277,0.1432408
"436","Libya","LBY",2011,0.1233277,NA
"437","Libya","LBY",2012,0.1233277,0.1432408
"438","Libya","LBY",2013,0.1233277,NA
"439","Liechtenstein","LIE",2010,43.125,43.11038
"440","Liechtenstein","LIE",2011,43.125,NA
"441","Liechtenstein","LIE",2012,43.125,43.11038
"442","Liechtenstein","LIE",2013,43.125,NA
"443","Lithuania","LTU",2010,34.62306,17.24423
"444","Lithuania","LTU",2011,34.65552,NA
"445","Lithuania","LTU",2012,34.68743,17.24648
"446","Lithuania","LTU",2013,34.71879,NA
"447","Luxembourg","LUX",2010,33.4749,39.65356
"448","Luxembourg","LUX",2011,33.4749,NA
"449","Luxembourg","LUX",2012,33.4749,39.65356
"450","Luxembourg","LUX",2013,33.4749,NA
"451","Macedonia, FYR","MKD",2010,39.57177,7.273941
"452","Macedonia, FYR","MKD",2011,39.57177,NA
"453","Macedonia, FYR","MKD",2012,39.57177,7.273941
"454","Macedonia, FYR","MKD",2013,39.57177,NA
"455","Madagascar","MDG",2010,21.58579,4.471694
"456","Madagascar","MDG",2011,21.54883,NA
"457","Madagascar","MDG",2012,21.52133,4.718672
"458","Madagascar","MDG",2013,21.49364,NA
"459","Malawi","MWI",2010,34.3339,16.47356
"460","Malawi","MWI",2011,34.14298,NA
"461","Malawi","MWI",2012,33.95206,18.25385
"462","Malawi","MWI",2013,33.76114,NA
"463","Malaysia","MYS",2010,67.3383,13.92673
"464","Malaysia","MYS",2011,67.38152,NA
"465","Malaysia","MYS",2012,67.42475,13.92673
"466","Malaysia","MYS",2013,67.46797,NA
"467","Maldives","MDV",2010,3.333333,NA
"468","Maldives","MDV",2011,3.333333,NA
"469","Maldives","MDV",2012,3.333333,NA
"470","Maldives","MDV",2013,3.333333,NA
"471","Mali","MLI",2010,4.187872,6.045263
"472","Mali","MLI",2011,4.123128,NA
"473","Mali","MLI",2012,4.058384,6.045263
"474","Mali","MLI",2013,3.99364,NA
"475","Malta","MLT",2010,1.09375,2.195828
"476","Malta","MLT",2011,1.09375,NA
"477","Malta","MLT",2012,1.09375,2.195828
"478","Malta","MLT",2013,1.09375,NA
"479","Marshall Islands","MHL",2010,70.22222,0.7065144
"480","Marshall Islands","MHL",2011,70.22222,NA
"481","Marshall Islands","MHL",2012,70.22222,0.7065144
"482","Marshall Islands","MHL",2013,70.22222,NA
"483","Mauritania","MRT",2010,0.2347919,1.199353
"484","Mauritania","MRT",2011,0.2313961,NA
"485","Mauritania","MRT",2012,0.2280004,1.199353
"486","Mauritania","MRT",2013,0.2246046,NA
"487","Mauritius","MUS",2010,18.91626,0.7323716
"488","Mauritius","MUS",2011,18.93596,NA
"489","Mauritius","MUS",2012,18.95567,0.7334941
"490","Mauritius","MUS",2013,18.97537,NA
"491","Mexico","MEX",2010,34.20767,13.66874
"492","Mexico","MEX",2011,34.16055,NA
"493","Mexico","MEX",2012,34.11343,13.69427
"494","Mexico","MEX",2013,34.06631,NA
"495","Micronesia, Fed. Sts.","FSM",2010,91.61429,0.09124823
"496","Micronesia, Fed. Sts.","FSM",2011,91.65714,NA
"497","Micronesia, Fed. Sts.","FSM",2012,91.68571,0.09124823
"498","Micronesia, Fed. Sts.","FSM",2013,91.72857,NA
"499","Moldova","MDA",2010,11.75038,3.82064
"500","Moldova","MDA",2011,11.89041,NA
"501","Moldova","MDA",2012,12.02678,3.82064
"502","Moldova","MDA",2013,12.15937,NA
"503","Monaco","MCO",2010,0,98.40397
"504","Monaco","MCO",2012,NA,98.40397
"505","Mongolia","MNG",2010,8.39311,13.7796
"506","Mongolia","MNG",2011,8.330493,NA
"507","Mongolia","MNG",2012,8.267875,13.7796
"508","Mongolia","MNG",2013,8.205258,NA
"509","Montenegro","MNE",2010,61.48699,12.7885
"510","Montenegro","MNE",2011,61.48699,NA
"511","Montenegro","MNE",2012,61.48699,12.7885
"512","Montenegro","MNE",2013,61.48699,NA
"513","Morocco","MAR",2010,12.70894,2.46617
"514","Morocco","MAR",2011,12.69102,NA
"515","Morocco","MAR",2012,12.67309,19.92064
"516","Morocco","MAR",2013,12.65516,NA
"517","Mozambique","MOZ",2010,49.55874,15.06071
"518","Mozambique","MOZ",2011,49.29627,NA
"519","Mozambique","MOZ",2012,49.0338,16.39886
"520","Mozambique","MOZ",2013,48.77133,NA
"521","Myanmar","MMR",2010,48.6376,5.974137
"522","Myanmar","MMR",2011,47.79899,NA
"523","Myanmar","MMR",2012,46.97267,5.974137
"524","Myanmar","MMR",2013,46.14105,NA
"525","Namibia","NAM",2010,8.854717,39.20657
"526","Namibia","NAM",2011,8.764591,NA
"527","Namibia","NAM",2012,8.674465,42.58484
"528","Namibia","NAM",2013,8.584338,NA
"529","Nepal","NPL",2010,25.36449,16.38486
"530","Nepal","NPL",2011,25.36449,NA
"531","Nepal","NPL",2012,25.36449,16.38486
"532","Nepal","NPL",2013,25.36449,NA
"533","Netherlands","NLD",2010,11.0584,31.47684
"534","Netherlands","NLD",2011,11.07948,NA
"535","Netherlands","NLD",2012,11.09727,31.47684
"536","Netherlands","NLD",2013,11.13157,NA
"537","New Caledonia","NCL",2010,45.89716,30.49505
"538","New Caledonia","NCL",2011,45.89716,NA
"539","New Caledonia","NCL",2012,45.89716,30.49505
"540","New Caledonia","NCL",2013,45.89716,NA
"541","New Zealand","NZL",2010,38.55152,21.32424
"542","New Zealand","NZL",2011,38.55228,NA
"543","New Zealand","NZL",2012,38.55304,21.32424
"544","New Zealand","NZL",2013,38.5538,NA
"545","Nicaragua","NIC",2010,25.87668,32.46484
"546","Nicaragua","NIC",2011,25.87668,NA
"547","Nicaragua","NIC",2012,25.87668,32.47169
"548","Nicaragua","NIC",2013,25.87668,NA
"549","Niger","NER",2010,0.9505013,8.520299
"550","Niger","NER",2011,0.9407121,NA
"551","Niger","NER",2012,0.9309229,16.72393
"552","Niger","NER",2013,0.9211337,NA
"553","Nigeria","NGA",2010,9.926765,13.82403
"554","Nigeria","NGA",2011,9.477036,NA
"555","Nigeria","NGA",2012,9.027307,13.82403
"556","Nigeria","NGA",2013,8.577577,NA
"557","Northern Mariana Islands","MNP",2010,65.91304,19.94958
"558","Northern Mariana Islands","MNP",2011,65.54348,NA
"559","Northern Mariana Islands","MNP",2012,65.19565,19.94958
"560","Northern Mariana Islands","MNP",2013,64.84783,NA
"561","Norway","NOR",2010,33.13392,12.01312
"562","Norway","NOR",2011,33.1394,NA
"563","Norway","NOR",2012,33.14488,12.22675
"564","Norway","NOR",2013,33.15035,NA
"565","Oman","OMN",2010,0.006462036,9.313852
"566","Oman","OMN",2011,0.006462036,NA
"567","Oman","OMN",2012,0.006462036,9.313852
"568","Oman","OMN",2013,0.006462036,NA
"569","Other small states","OSS",2010,26.82379,32.67587
"570","Other small states","OSS",2011,26.82837,NA
"571","Other small states","OSS",2012,26.83296,34.14493
"572","Other small states","OSS",2013,26.83762,NA
"573","Pacific island small states","PSS",2010,61.64101,2.848808
"574","Pacific island small states","PSS",2011,61.62995,NA
"575","Pacific island small states","PSS",2012,61.61873,2.896723
"576","Pacific island small states","PSS",2013,61.60767,NA
"577","Pakistan","PAK",2010,2.188408,10.56203
"578","Pakistan","PAK",2011,2.132628,NA
"579","Pakistan","PAK",2012,2.076847,10.56203
"580","Pakistan","PAK",2013,2.021067,NA
"581","Palau","PLW",2010,87.6087,21.41972
"582","Palau","PLW",2011,87.6087,NA
"583","Palau","PLW",2012,87.6087,28.20379
"584","Palau","PLW",2013,87.6087,NA
"585","Panama","PAN",2010,63.20958,14.11041
"586","Panama","PAN",2011,62.98897,NA
"587","Panama","PAN",2012,62.76836,14.11041
"588","Panama","PAN",2013,62.54775,NA
"589","Papua New Guinea","PNG",2010,74.13549,1.408191
"590","Papua New Guinea","PNG",2011,74.12931,NA
"591","Papua New Guinea","PNG",2012,74.12313,1.408191
"592","Papua New Guinea","PNG",2013,74.11695,NA
"593","Paraguay","PRY",2010,42.66298,6.404032
"594","Paraguay","PRY",2011,41.84395,NA
"595","Paraguay","PRY",2012,41.02492,6.404032
"596","Paraguay","PRY",2013,40.20589,NA
"597","Peru","PER",2010,58.44609,17.65298
"598","Peru","PER",2011,58.31516,NA
"599","Peru","PER",2012,58.18422,18.30128
"600","Peru","PER",2013,58.05328,NA
"601","Philippines","PHL",2010,22.93993,5.059089
"602","Philippines","PHL",2011,23.74484,NA
"603","Philippines","PHL",2012,24.54975,5.059089
"604","Philippines","PHL",2013,25.35466,NA
"605","Poland","POL",2010,30.45906,34.81187
"606","Poland","POL",2011,30.53326,NA
"607","Poland","POL",2012,30.60349,34.81187
"608","Poland","POL",2013,30.67372,NA
"609","Portugal","PRT",2010,35.36412,14.74214
"610","Portugal","PRT",2011,35.23965,NA
"611","Portugal","PRT",2012,35.11519,14.7329
"612","Portugal","PRT",2013,34.9869,NA
"613","Puerto Rico","PRI",2010,54.04848,4.589932
"614","Puerto Rico","PRI",2011,54.42165,NA
"615","Puerto Rico","PRI",2012,54.79481,4.589932
"616","Puerto Rico","PRI",2013,55.16685,NA
"617","Qatar","QAT",2010,0,2.419258
"618","Qatar","QAT",2011,0,NA
"619","Qatar","QAT",2012,0,2.419258
"620","Qatar","QAT",2013,0,NA
"621","Romania","ROM",2010,28.31993,19.09847
"622","Romania","ROM",2011,28.60581,NA
"623","Romania","ROM",2012,28.92531,19.23394
"624","Romania","ROM",2013,29.22488,NA
"625","Russian Federation","RUS",2010,49.77359,11.30013
"626","Russian Federation","RUS",2011,49.77108,NA
"627","Russian Federation","RUS",2012,49.76858,11.34758
"628","Russian Federation","RUS",2013,49.76607,NA
"629","Rwanda","RWA",2010,18.07864,10.54846
"630","Rwanda","RWA",2011,18.35428,NA
"631","Rwanda","RWA",2012,18.62991,10.54846
"632","Rwanda","RWA",2013,18.90555,NA
"633","Samoa","WSM",2010,60.42403,2.342307
"634","Samoa","WSM",2011,60.42403,NA
"635","Samoa","WSM",2012,60.42403,2.342307
"636","Samoa","WSM",2013,60.42403,NA
"637","San Marino","SMR",2010,0,NA
"638","San Marino","SMR",2011,0,NA
"639","San Marino","SMR",2012,0,NA
"640","San Marino","SMR",2013,0,NA
"641","Sao Tome and Principe","STP",2010,55.83333,0.001385181
"642","Sao Tome and Principe","STP",2011,55.83333,NA
"643","Sao Tome and Principe","STP",2012,55.83333,0.001385181
"644","Sao Tome and Principe","STP",2013,55.83333,NA
"645","Saudi Arabia","SAU",2010,0.4544841,29.94838
"646","Saudi Arabia","SAU",2011,0.4544841,NA
"647","Saudi Arabia","SAU",2012,0.4544841,29.94897
"648","Saudi Arabia","SAU",2013,0.4544841,NA
"649","Senegal","SEN",2010,44.00873,24.20336
"650","Senegal","SEN",2011,43.80097,NA
"651","Senegal","SEN",2012,43.59321,24.20336
"652","Senegal","SEN",2013,43.38545,NA
"653","Serbia","SRB",2010,31.01989,6.113285
"654","Serbia","SRB",2011,31.0359,NA
"655","Serbia","SRB",2012,31.05191,6.295905
"656","Serbia","SRB",2013,31.06792,NA
"657","Seychelles","SYC",2010,88.41304,1.261356
"658","Seychelles","SYC",2011,88.41304,NA
"659","Seychelles","SYC",2012,88.41304,1.261356
"660","Seychelles","SYC",2013,89.38462,NA
"661","Sierra Leone","SLE",2010,37.76669,9.160759
"662","Sierra Leone","SLE",2011,38.64782,NA
"663","Sierra Leone","SLE",2012,39.52896,10.25001
"664","Sierra Leone","SLE",2013,40.41009,NA
"665","Singapore","SGP",2010,23.2906,3.394761
"666","Singapore","SGP",2011,23.22443,NA
"667","Singapore","SGP",2012,23.15864,3.394761
"668","Singapore","SGP",2013,23.12588,NA
"669","Slovak Republic","SVK",2010,40.31939,36.09219
"670","Slovak Republic","SVK",2011,40.32607,NA
"671","Slovak Republic","SVK",2012,40.33023,36.09219
"672","Slovak Republic","SVK",2013,40.33439,NA
"673","Slovenia","SVN",2010,61.91658,54.8613
"674","Slovenia","SVN",2011,61.92651,NA
"675","Slovenia","SVN",2012,61.93644,54.8613
"676","Slovenia","SVN",2013,61.94638,NA
"677","Small states","SST",2010,37.94401,27.731
"678","Small states","SST",2011,37.93968,NA
"679","Small states","SST",2012,37.93535,28.89571
"680","Small states","SST",2013,37.9311,NA
"681","Solomon Islands","SLB",2010,79.06395,1.053382
"682","Solomon Islands","SLB",2011,78.86388,NA
"683","Solomon Islands","SLB",2012,78.66381,1.053382
"684","Solomon Islands","SLB",2013,78.46374,NA
"685","Somalia","SOM",2010,10.75493,0.5265475
"686","Somalia","SOM",2011,10.63251,NA
"687","Somalia","SOM",2012,10.51009,0.5265475
"688","Somalia","SOM",2013,10.38767,NA
"689","South Africa","ZAF",2010,7.617737,6.564668
"690","South Africa","ZAF",2011,7.617737,NA
"691","South Africa","ZAF",2012,7.617737,6.564668
"692","South Africa","ZAF",2013,7.617737,NA
"693","Spain","ESP",2010,36.49367,25.31376
"694","Spain","ESP",2011,36.57144,NA
"695","Spain","ESP",2012,36.61556,25.31795
"696","Spain","ESP",2013,36.68379,NA
"697","Sri Lanka","LKA",2010,33.53532,15.40404
"698","Sri Lanka","LKA",2011,33.43007,NA
"699","Sri Lanka","LKA",2012,33.32483,15.40404
"700","Sri Lanka","LKA",2013,33.21958,NA
"701","St. Kitts and Nevis","KNA",2010,42.30769,0.7686015
"702","St. Kitts and Nevis","KNA",2011,42.30769,NA
"703","St. Kitts and Nevis","KNA",2012,42.30769,0.7686015
"704","St. Kitts and Nevis","KNA",2013,42.30769,NA
"705","St. Lucia","LCA",2010,33.77049,2.490546
"706","St. Lucia","LCA",2011,33.67213,NA
"707","St. Lucia","LCA",2012,33.57377,2.490546
"708","St. Lucia","LCA",2013,33.47541,NA
"709","St. Vincent and the Grenadines","VCT",2010,69.23077,1.230885
"710","St. Vincent and the Grenadines","VCT",2011,69.23077,NA
"711","St. Vincent and the Grenadines","VCT",2012,69.23077,1.230885
"712","St. Vincent and the Grenadines","VCT",2013,69.23077,NA
"713","Sudan","SDN",2010,11.46423,7.075235
"714","Sudan","SDN",2011,8.37862,NA
"715","Sudan","SDN",2012,8.30521,NA
"716","Sudan","SDN",2013,8.231806,NA
"717","Suriname","SUR",2010,98.40385,15.17349
"718","Suriname","SUR",2011,98.37949,NA
"719","Suriname","SUR",2012,98.35513,15.17349
"720","Suriname","SUR",2013,98.33077,NA
"721","Swaziland","SWZ",2010,32.73256,3.018525
"722","Swaziland","SWZ",2011,33,NA
"723","Swaziland","SWZ",2012,33.26744,3.018525
"724","Swaziland","SWZ",2013,33.53488,NA
"725","Sweden","SWE",2010,68.414,13.86844
"726","Sweden","SWE",2011,68.414,NA
"727","Sweden","SWE",2012,68.91786,13.87004
"728","Sweden","SWE",2013,68.91786,NA
"729","Switzerland","CHE",2010,31.25316,26.30409
"730","Switzerland","CHE",2011,31.34933,NA
"731","Switzerland","CHE",2012,31.44549,26.30409
"732","Switzerland","CHE",2013,31.54165,NA
"733","Syrian Arab Republic","SYR",2010,2.673855,0.6881376
"734","Syrian Arab Republic","SYR",2011,2.673855,NA
"735","Syrian Arab Republic","SYR",2012,2.673855,0.6881376
"736","Syrian Arab Republic","SYR",2013,2.673855,NA
"737","Tajikistan","TJK",2010,2.929408,4.773583
"738","Tajikistan","TJK",2011,2.932266,NA
"739","Tajikistan","TJK",2012,2.935124,4.773583
"740","Tajikistan","TJK",2013,2.937982,NA
"741","Tanzania","TZA",2010,54.09799,31.65852
"742","Tanzania","TZA",2011,53.67803,NA
"743","Tanzania","TZA",2012,53.25807,31.65852
"744","Tanzania","TZA",2013,52.83811,NA
"745","Thailand","THA",2010,31.80528,16.41182
"746","Thailand","THA",2011,31.864,NA
"747","Thailand","THA",2012,31.92272,16.41182
"748","Thailand","THA",2013,31.98144,NA
"749","Timor-Leste","TMP",2010,49.89913,6.249496
"750","Timor-Leste","TMP",2011,49.14593,NA
"751","Timor-Leste","TMP",2012,48.39274,6.249496
"752","Timor-Leste","TMP",2013,47.63954,NA
"753","Togo","TGO",2010,5.276705,24.22858
"754","Togo","TGO",2011,4.912668,NA
"755","Togo","TGO",2012,4.54863,24.19467
"756","Togo","TGO",2013,4.184593,NA
"757","Tonga","TON",2010,12.5,9.450139
"758","Tonga","TON",2011,12.5,NA
"759","Tonga","TON",2012,12.5,9.450139
"760","Tonga","TON",2013,12.5,NA
"761","Trinidad and Tobago","TTO",2010,44.13255,10.05872
"762","Trinidad and Tobago","TTO",2011,44.44834,NA
"763","Trinidad and Tobago","TTO",2012,44.76218,10.05872
"764","Trinidad and Tobago","TTO",2013,45.07797,NA
"765","Tunisia","TUN",2010,6.372297,4.436154
"766","Tunisia","TUN",2011,6.437951,NA
"767","Tunisia","TUN",2012,6.503605,4.823294
"768","Tunisia","TUN",2013,6.569258,NA
"769","Turkey","TUR",2010,14.55635,2.11205
"770","Turkey","TUR",2011,14.6894,NA
"771","Turkey","TUR",2012,14.82245,2.11205
"772","Turkey","TUR",2013,14.9555,NA
"773","Turkmenistan","TKM",2010,8.782159,3.176618
"774","Turkmenistan","TKM",2011,8.782159,NA
"775","Turkmenistan","TKM",2012,8.782159,3.176618
"776","Turkmenistan","TKM",2013,8.782159,NA
"777","Turks and Caicos Islands","TCA",2010,36.21053,3.581488
"778","Turks and Caicos Islands","TCA",2011,36.21053,NA
"779","Turks and Caicos Islands","TCA",2012,36.21053,3.581488
"780","Turks and Caicos Islands","TCA",2013,36.21053,NA
"781","Tuvalu","TUV",2010,33.33333,0.3313919
"782","Tuvalu","TUV",2011,33.33333,NA
"783","Tuvalu","TUV",2012,33.33333,0.3313919
"784","Tuvalu","TUV",2013,33.33333,NA
"785","Uganda","UGA",2010,13.7293,11.45253
"786","Uganda","UGA",2011,13.05506,NA
"787","Uganda","UGA",2012,12.38081,11.45253
"788","Uganda","UGA",2013,11.70656,NA
"789","Ukraine","UKR",2010,16.48139,4.492817
"790","Ukraine","UKR",2011,16.51902,NA
"791","Ukraine","UKR",2012,16.55665,4.492052
"792","Ukraine","UKR",2013,16.59428,NA
"793","United Arab Emirates","ARE",2010,3.795455,15.46823
"794","United Arab Emirates","ARE",2011,3.808134,NA
"795","United Arab Emirates","ARE",2012,3.820813,15.46823
"796","United Arab Emirates","ARE",2013,3.833493,NA
"797","United Kingdom","GBR",2010,12.64415,23.36952
"798","United Kingdom","GBR",2011,12.71442,NA
"799","United Kingdom","GBR",2012,12.78469,23.36955
"800","United Kingdom","GBR",2013,12.85496,NA
"801","United States","USA",2010,33.74941,15.13523
"802","United States","USA",2011,33.77947,NA
"803","United States","USA",2012,33.80953,15.13557
"804","United States","USA",2013,33.8396,NA
"805","Uruguay","URY",2010,9.892012,2.571988
"806","Uruguay","URY",2011,10.02194,NA
"807","Uruguay","URY",2012,10.15187,2.571988
"808","Uruguay","URY",2013,10.2818,NA
"809","Uzbekistan","UZB",2010,7.699812,3.354596
"810","Uzbekistan","UZB",2011,7.673672,NA
"811","Uzbekistan","UZB",2012,7.647532,3.354596
"812","Uzbekistan","UZB",2013,7.621392,NA
"813","Vanuatu","VUT",2010,36.09516,0.4533499
"814","Vanuatu","VUT",2011,36.09516,NA
"815","Vanuatu","VUT",2012,36.09516,0.4533499
"816","Vanuatu","VUT",2013,36.09516,NA
"817","Venezuela, RB","VEN",2010,53.85749,49.54117
"818","Venezuela, RB","VEN",2011,53.67111,NA
"819","Venezuela, RB","VEN",2012,53.48472,49.54117
"820","Venezuela, RB","VEN",2013,53.29834,NA
"821","Vietnam","VNM",2010,45.5639,4.707438
"822","Vietnam","VNM",2011,45.97994,NA
"823","Vietnam","VNM",2012,46.39598,4.718975
"824","Vietnam","VNM",2013,46.81201,NA
"825","Virgin Islands (U.S.)","VIR",2010,51.88571,2.784271
"826","Virgin Islands (U.S.)","VIR",2011,51.57143,NA
"827","Virgin Islands (U.S.)","VIR",2012,51.25714,2.784271
"828","Virgin Islands (U.S.)","VIR",2013,50.91429,NA
"829","Yemen, Rep.","YEM",2010,1.039832,1.127797
"830","Yemen, Rep.","YEM",2011,1.039832,NA
"831","Yemen, Rep.","YEM",2012,1.039832,1.127797
"832","Yemen, Rep.","YEM",2013,1.039832,NA
"833","Zambia","ZMB",2010,66.54381,37.7762
"834","Zambia","ZMB",2011,66.3197,NA
"835","Zambia","ZMB",2012,66.09559,37.7762
"836","Zambia","ZMB",2013,65.87148,NA
"837","Zimbabwe","ZWE",2010,40.38775,27.17258
"838","Zimbabwe","ZWE",2011,39.5802,NA
"839","Zimbabwe","ZWE",2012,38.77265,27.17258
"840","Zimbabwe","ZWE",2013,37.9651,NA
